"","ID","site","clone","clone.new","row","col","F1","F2","F23","F24","F24.segment_L","F24.segment_P","F24.segment","X24.GCC","X24.RCC","F25","F25.segment_P","F25.segment_L","F25.segment","X25.GCC","X25.RCC"
"1","H1x1","H","25","25","1","1","3",3,2,3,0.192466418,0.168598766,0.180532592,0.446382067,0.322667331,3,0.309791086,0.283778296,0.296784691,0.448176545,0.340962041
"48","H2x1","H","82","90","2","1","0",1,0,1,0.018321822,0.015000988,0.016661405,0.457603286,0.337564407,2,0.122757968,0.101690243,0.112224105,0.451321443,0.359664407
"95","H3x1","H","23","88","3","1","1",2,1,3,0.213529213,0.194983507,0.20425636,0.459935202,0.32141055,3,0.437130416,0.401147927,0.419139172,0.453416721,0.349272083
"142","H4x1","H","82","82","4","1","2",3,1,3,0.083890143,0.087959235,0.085924689,0.465399026,0.323886133,3,0.341964744,0.288067469,0.315016106,0.449677206,0.356501218
"189","H5x1","H","76","81","5","1","1",2,1,3,0.119652344,0.111008541,0.115330443,0.467704181,0.328839016,2,0.252955438,0.285394839,0.269175139,0.452517458,0.347984445
"236","H6x1","H","72",NA,"6","1",NA,NA,NA,NA,NA,NA,NA,NA,NA,NA,NA,NA,NA,NA,NA
"283","H7x1","H","67","71","7","1","3",3,2,3,0.25831011,0.247300142,0.252805126,0.489456879,0.348412054,3,0.231343295,0.325468536,0.278405915,0.47058717,0.36801124
"330","H8x1","H","63","92","8","1","0",1,0,2,0.06531828,0.098540932,0.081929606,0.45726785,0.3370535,2,0.138673058,0.102732109,0.120702584,0.449578984,0.365009733
"377","H9x1","H","32","80","9","1","1",3,1,2,0.080047318,0.0740877,0.077067509,0.449793514,0.339171571,1,0.098856419,0.095094672,0.096975545,0.448326273,0.362772595
"424","H10x1","H","50","49","10","1","0",1,0,3,0.080706735,0.100183064,0.090444899,0.452412966,0.333982268,1,0.073479106,0.057013468,0.065246287,0.445972422,0.357969867
"471","H11x1","H","25","25","11","1","2",3,2,4,0.2205084,0.231750954,0.226129677,0.450218889,0.325948996,3,0.346431221,0.305472023,0.325951622,0.456596658,0.337235507
"2","H1x2","H","88","88","1","2","3",2,1,2,0.073958276,0.089494064,0.08172617,0.444684717,0.324348872,3,0.359687208,0.314891198,0.337289203,0.450348189,0.341764625
"49","H2x2","H","45","32","2","2","1",1,0,2,0.117340546,0.153679595,0.135510071,0.472367364,0.335025761,1,0.100567918,0.065934428,0.083251173,0.449437574,0.348804773
"96","H3x2","H","78","78","3","2","1",3,2,4,0.158952902,0.189029934,0.173991418,0.467481796,0.329468481,3,0.352302062,0.322869557,0.337585809,0.451015475,0.348167018
"143","H4x2","H","49","49","4","2","0",1,0,1,0.02319871,0.031181963,0.027190337,0.460458283,0.329338404,1,0.098588651,0.05261459,0.075601621,0.448986178,0.346919058
"190","H5x2","H","60","83","5","2","1",2,1,3,0.194600948,0.20947701,0.202038979,0.472533422,0.326261028,2,0.203405125,0.19750764,0.200456383,0.448424468,0.3497326
"237","H6x2","H","94","94","6","2","1",3,2,3,0.131148677,0.158266872,0.144707775,0.467737746,0.326414446,3,0.133054212,0.274430146,0.203742179,0.471013837,0.35017046
"284","H7x2","H","93","93","7","2","2",3,2,4,0.369507781,0.345031551,0.357269666,0.487744234,0.34327611,3,0.339170581,0.301378122,0.320274351,0.4669712,0.336625424
"331","H8x2","H","61","52","8","2","1",2,1,3,0.26223085,0.245957992,0.254094421,0.47651061,0.329854342,3,0.321531514,0.312843849,0.317187681,0.463555136,0.342812137
"378","H9x2","H","69","101","9","2","1",2,1,3,0.263453927,0.282565038,0.273009482,0.465004624,0.323257831,2,0.130808488,0.119637307,0.125222898,0.457916373,0.349104564
"425","H10x2","H","33","33","10","2","1",3,2,4,0.22694935,0.321324063,0.274136706,0.454794282,0.32657794,4,0.39099158,0.311756133,0.351373857,0.473901678,0.353553277
"472","H11x2","H","28","28","11","2","3",3,3,4,0.266189606,0.23440364,0.250296623,0.450074848,0.317576964,3,0.474610147,0.440886135,0.457748141,0.466473689,0.321970894
"3","H1x3","H","38","38","1","3","0",2,0,2,0.03757371,0.038476923,0.038025317,0.435761789,0.324408784,1,0.020977947,0.007315902,0.014146925,0.431445989,0.327614138
"50","H2x3","H","50",NA,"2","3",NA,NA,NA,NA,NA,NA,NA,NA,NA,NA,NA,NA,NA,NA,NA
"97","H3x3","H","51","49","3","3","0",1,0,2,0.055942818,0.076412335,0.066177577,0.458255037,0.328979443,2,0.1431359,0.094111954,0.118623927,0.446101011,0.347098782
"144","H4x3","H","59","59","4","3","0",2,0,2,0.033134063,0.060476001,0.046805032,0.462286333,0.322956816,1,0.098447885,0.106645367,0.102546626,0.437789135,0.326723309
"191","H5x3","H","42","38","5","3","0",1,0,1,0.02698287,0.025916704,0.026449787,0.451106579,0.320289177,0,0.017488987,0.008633405,0.013061196,0.43379454,0.334511525
"238","H6x3","H","68","68","6","3","3",3,3,4,0.472067053,0.40452877,0.438297912,0.478774729,0.320538803,4,0.376312292,0.394924259,0.385618275,0.468290301,0.350783775
"285","H7x3","H","62","63","7","3","1",2,1,2,0.137781779,0.125106018,0.131443898,0.459630433,0.333101398,3,0.252422326,0.218850875,0.2356366,0.448404374,0.3258426
"332","H8x3","H","87","87","8","3","2",3,2,3,0.246239511,0.306936172,0.276587842,0.485131525,0.333679507,4,0.461410632,0.344252078,0.402831355,0.473655742,0.360864537
"379","H9x3","H","90","90","9","3","0",1,0,2,0.068007675,0.050790595,0.059399135,0.462831994,0.32786177,1,0.044261958,0.032824207,0.038543083,0.445847626,0.344689239
"426","H10x3","H","63","61","10","3","2",2,1,3,0.155132456,0.204237361,0.179684908,0.462969365,0.33136967,3,0.340376608,0.243488986,0.291932797,0.466468764,0.359437767
"473","H11x3","H","38","48","11","3","0",1,0,2,0.107517328,0.121873718,0.114695523,0.449074698,0.334803453,2,0.195933651,0.134204482,0.165069067,0.446512423,0.327328305
"4","H1x4","H","53","28","1","4","3",3,3,3,0.211812948,0.214785653,0.213299301,0.478173431,0.32834359,4,0.512240466,0.46925848,0.490749473,0.475857261,0.346946002
"51","H2x4","H","86","86","2","4","1",2,1,3,0.230027442,0.193310943,0.211669193,0.466446183,0.321414301,3,0.385501931,0.379805454,0.382653693,0.459556036,0.356133258
"98","H3x4","H","64","64","3","4","3",3,2,3,0.149023128,0.176264261,0.162643694,0.459708748,0.328149081,3,0.399505782,0.388142437,0.393824109,0.456230175,0.356199021
"145","H4x4","H","92","92","4","4","0",1,1,1,0.012813736,0.006448021,0.009630879,0.467291924,0.326915918,2,0.146807685,0.078749673,0.112778679,0.445597145,0.354928945
"192","H5x4","H","93","92","5","4","1",1,0,2,0.044470931,0.04261147,0.043541201,0.466378089,0.325588809,1,0.075108921,0.052685981,0.063897451,0.445766353,0.337542225
"239","H6x4","H","75","80","6","4","0",2,1,2,0.050222888,0.009339483,0.029781186,0.443079623,0.323670425,3,0.144131219,0.102219918,0.123175568,0.458435935,0.35520205
"286","H7x4","H","44","44","7","4","1",2,2,3,0.28931666,0.324716897,0.307016778,0.473806976,0.327038608,3,0.340026014,0.262006066,0.30101604,0.458805148,0.33529509
"333","H8x4","H","79","79","8","4","1",3,2,3,0.356282101,0.373996968,0.365139534,0.48108075,0.326135174,4,0.447035589,0.443912145,0.445473867,0.477425781,0.360333517
"380","H9x4","H","39","39","9","4","3",3,2,3,0.313918321,0.351286199,0.33260226,0.468043452,0.318870659,3,0.341496466,0.297732671,0.319614569,0.462698455,0.351302982
"427","H10x4","H","66","66","10","4","1",2,1,3,0.166435874,0.201007984,0.183721929,0.443506376,0.3218101,3,0.263570446,0.180897841,0.222234144,0.451833333,0.347153254
"474","H11x4","H","36","36","11","4","3",3,2,4,0.362207757,0.350187429,0.356197593,0.455251491,0.316053227,3,0.441457956,0.43858916,0.440023558,0.469904181,0.321694216
"5","H1x5","H","80","80","1","5","2",2,1,2,0.069703766,0.121959824,0.095831795,0.44297469,0.316518702,2,0.267068018,0.249109415,0.258088716,0.460912903,0.36218821
"52","H2x5","H","35","35","2","5","1",2,1,1,0.063180889,0.068637568,0.065909228,0.465668117,0.330174232,2,0.250705338,0.193730758,0.222218048,0.451046103,0.351746663
"99","H3x5","H","58","54","3","5","1",3,2,4,0.288715164,0.190686246,0.239700705,0.470503227,0.326994425,4,0.398611525,0.406360602,0.402486063,0.461871946,0.33892058
"146","H4x5","H","40","40","4","5","3",3,3,4,0.295164195,0.275696125,0.28543016,0.48356168,0.312027785,4,0.354240497,0.417287536,0.385764017,0.469187652,0.336440334
"193","H5x5","H","34","34","5","5","1",2,1,3,0.22728857,0.202620088,0.214954329,0.468408576,0.333680612,NA,NA,NA,NA,NA,NA
"240","H6x5","H","77","77","6","5","3",3,4,5,0.323800385,0.296174897,0.309987641,0.464660054,0.321061196,5,0.279965765,0.341196723,0.310581244,0.464003314,0.327862776
"287","H7x5","H","71","71","7","5","2",3,2,4,0.297029362,0.308448721,0.302739042,0.483142698,0.342045979,4,0.427399497,0.373628347,0.400513922,0.475280996,0.360933529
"334","H8x5","H","47","47","8","5","2",3,1,3,0.242294984,0.226090593,0.234192788,0.477691735,0.325983961,3,0.277561609,0.291687869,0.284624739,0.467107419,0.36268825
"381","H9x5","H","46","93","9","5","3",3,2,4,0.325632968,0.356364038,0.340998503,0.471830366,0.32204709,3,0.299531857,0.274311522,0.286921689,0.46588667,0.352876935
"428","H10x5","H","43","43","10","5","1",2,0,3,0.083820654,0.089171336,0.086495995,0.451130166,0.330724239,2,0.1221046,0.098875679,0.110490139,0.449727476,0.361391677
"475","H11x5","H","51","48","11","5","1",1,1,2,0.048276688,0.077696188,0.062986438,0.458966648,0.34207996,1,0.11231619,0.096967693,0.104641942,0.451849867,0.339960962
"6","H1x6","H","73","54","1","6","3",3,1,4,0.214359632,0.18056743,0.197463531,0.462587189,0.330283577,4,0.411538043,0.399955569,0.405746806,0.462019588,0.358074191
"53","H2x6","H","89","89","2","6","2",3,2,3,0.118775712,0.125263668,0.12201969,0.458632515,0.321526022,3,0.359793481,0.317458395,0.338625938,0.455229096,0.349264481
"100","H3x6","H","83","83","3","6","3",3,3,4,0.305774521,0.28023819,0.293006356,0.473299162,0.316527986,5,0.530080164,0.454341668,0.492210916,0.461873056,0.319251864
"147","H4x6","H","84","84","4","6","1",2,1,2,0.086528232,0.086835759,0.086681995,0.460740155,0.328854442,3,0.260445484,0.190624457,0.22553497,0.457754217,0.339120624
"194","H5x6","H","30","30","5","6","1",3,2,3,0.266179432,0.236495593,0.251337512,0.469034143,0.314755008,3,0.322324092,0.284483633,0.303403863,0.448116246,0.342571328
"241","H6x6","H","55","55","6","6","1",3,2,3,0.260370834,0.269707026,0.26503893,0.463451521,0.343209625,3,0.211238756,0.189067512,0.200153134,0.439538985,0.340379469
"288","H7x6","H","26","43","7","6","0",1,1,3,0.085920035,0.11580338,0.100861707,0.444875649,0.353877862,1,0.102823199,0.05758489,0.080204045,0.441604576,0.365713688
"335","H8x6","H","70","71","8","6","3",3,2,4,0.367176731,0.384269819,0.375723275,0.491309197,0.338073925,4,0.350688299,0.32006719,0.335377744,0.473747419,0.374158123
"382","H9x6","H","48","48","9","6","0",1,0,2,0.101888785,0.089025055,0.09545692,0.446561949,0.332097042,2,0.070559743,0.056279893,0.063419818,0.446469734,0.341227081
"429","H10x6","H","74","75","10","6","1",2,1,2,0.094803615,0.081099837,0.087951726,0.434594387,0.335678192,2,0.213324977,0.134778773,0.174051875,0.452605972,0.363206929
"476","H11x6","H","60","60","11","6","3",3,2,4,0.34139713,0.318038698,0.329717914,0.475923219,0.332920361,4,0.446583294,0.409824726,0.42820401,0.477925277,0.340197317
"7","H1x7","H","85","85","1","7","2",2,1,2,0.102006587,0.100512889,0.101259738,0.478252573,0.339164717,2,0.193324983,0.198670934,0.195997958,0.461072142,0.366252027
"54","H2x7","H","54","54","2","7","2",3,2,4,0.256684503,0.240309041,0.248496772,0.462155578,0.326868358,4,0.464683533,0.347183141,0.405933337,0.457700573,0.357650776
"101","H3x7","H","32","32","3","7","1",2,1,2,0.081274251,0.093436377,0.087355314,0.454821121,0.330130367,3,0.292424862,0.235916383,0.264170623,0.454716095,0.367065495
"148","H4x7","H","50","49","4","7","0",1,0,2,0.060371499,0.045989941,0.05318072,0.454556299,0.326769649,2,0.116274064,0.08315795,0.099716007,0.437240041,0.32794152
"195","H5x7","H","23","23","5","7","1",2,2,3,0.286862558,0.295219874,0.291041216,0.480197432,0.32849256,3,0.305713228,0.346636241,0.326174735,0.457920292,0.356840942
"242","H6x7","H","63",NA,"6","7",NA,NA,NA,NA,NA,NA,NA,NA,NA,NA,NA,NA,NA,NA,NA
"289","H7x7","H","25","25","7","7","2",3,2,3,0.166515089,0.137492794,0.152003941,0.4536813,0.331711296,3,0.220305442,0.233068863,0.226687152,0.448285926,0.35667157
"336","H8x7","H","82","102","8","7","1",2,1,3,0.207007795,0.239695744,0.223351769,0.464609258,0.324710165,3,0.253903389,0.213583142,0.233743266,0.454731743,0.346346779
"383","H9x7","H","85","83","9","7","3",3,3,5,0.392496509,0.379081228,0.385788868,0.467602561,0.313489436,5,0.468048403,0.41023357,0.439140987,0.474248809,0.346195633
"430","H10x7","H","54","104","10","7","1",2,0,3,0.151988794,0.174005607,0.162997201,0.447630271,0.331054095,2,0.169033703,0.105112528,0.137073116,0.44791045,0.341798882
"477","H11x7","H","76","76","11","7","1",2,0,2,0.065267602,0.073354479,0.06931104,0.449745979,0.324939682,2,0.069847206,0.040424624,0.055135915,0.452092385,0.328367763
"8","H1x8","H","48","48","1","8","0",1,0,1,0.050495575,0.045152252,0.047823913,0.463250157,0.340574727,1,0.068334874,0.059156228,0.063745551,0.456743202,0.355334861
"55","H2x8","H","52","75","2","8","2",2,1,3,0.105306721,0.118753411,0.112030066,0.461968225,0.335936674,3,0.381728683,0.38445718,0.383092932,0.465961746,0.368455547
"102","H3x8","H","28","28","3","8","3",3,3,3,0.225466193,0.234751258,0.230108726,0.47691862,0.332429325,4,0.367250537,0.453375531,0.410313034,0.460863536,0.361923479
"149","H4x8","H","33","33","4","8","2",3,2,4,0.197936239,0.245184511,0.221560375,0.46757841,0.321998238,4,0.396139959,0.530522339,0.463331149,0.463038538,0.320463806
"196","H5x8","H","36","43","5","8","1",2,0,2,0.045945223,0.111721457,0.07883334,0.470493387,0.348387628,3,0.105887476,0.150568468,0.128227972,0.454246535,0.349889302
"243","H6x8","H","49","49","6","8","0",1,0,2,0.05368819,0.070007821,0.061848005,0.448391405,0.335382318,1,0.066766912,0.043099571,0.054933241,0.444442435,0.343435115
"290","H7x8","H","53","52","7","8","1",3,1,3,0.102835277,0.093627356,0.098231317,0.449065874,0.339836985,3,0.237077532,0.254981834,0.246029683,0.452573959,0.36687309
"337","H8x8","H","45","45","8","8","3",2,1,3,0.217131857,0.166592767,0.191862312,0.473591052,0.342848787,2,0.150556269,0.147275257,0.148915763,0.459000336,0.366365723
"384","H9x8","H","73","73","9","8","3",3,2,2,0.105887786,0.127734586,0.116811186,0.448544715,0.339960589,1,0.074763218,0.044853267,0.059808242,0.459929134,0.364114099
"431","H10x8","H","52","52","10","8","1",2,1,3,0.29400532,0.244926972,0.269466146,0.457951025,0.337822586,3,0.338374397,0.235212298,0.286793348,0.466196091,0.348889794
"478","H11x8","H","64","64","11","8","3",3,2,3,0.186860951,0.208971768,0.197916359,0.447519968,0.322271671,3,0.391602028,0.285137932,0.33836998,0.45557376,0.339353443
"9","H1x9","H","46",NA,"1","9",NA,NA,NA,NA,NA,NA,NA,NA,NA,NA,NA,NA,NA,NA,NA
"56","H2x9","H","43","43","2","9","0",2,0,3,0.11450915,0.135900473,0.125204812,0.469544843,0.330832558,2,0.146311714,0.109858439,0.128085077,0.44867862,0.350621518
"103","H3x9","H","71","71","3","9","2",3,2,4,0.383508783,0.352037609,0.367773196,0.490207066,0.328258307,3,0.173655627,0.180669595,0.177162611,0.448827799,0.365507428
"150","H4x9","H","63","68","4","9","3",3,3,4,0.33591394,0.307946201,0.32193007,0.479919212,0.316214867,4,0.476472646,0.552061343,0.514266994,0.466552163,0.320751535
"197","H5x9","H","67","67","5","9","2",3,2,2,0.145114664,0.140364558,0.142739611,0.471918935,0.335764487,3,0.372394848,0.35406079,0.363227819,0.455977537,0.353013691
"244","H6x9","H","82","82","6","9","1",2,1,3,0.087260277,0.121009539,0.104134908,0.45433918,0.32725294,3,0.275147113,0.295927442,0.285537278,0.451283194,0.350972491
"291","H7x9","H","38","101","7","9","0",1,0,2,0.142685815,0.163951952,0.153318883,0.467864922,0.348271915,3,0.205609284,0.173370672,0.189489978,0.457664182,0.347108307
"338","H8x9","H","50","49","8","9","0",1,0,2,0.061935404,0.036188529,0.049061967,0.454901805,0.338405542,1,0.04657909,0.050046096,0.048312593,0.447082539,0.345405488
"385","H9x9","H","80","70","9","9","2",3,2,4,0.273866096,0.3620754,0.317970748,0.458275021,0.324648216,4,0.332324505,0.325979323,0.329151914,0.478595052,0.348266147
"432","H10x9","H","35","35","10","9","1",2,1,2,0.151292905,0.191916953,0.171604929,0.455428951,0.327957437,3,0.240272911,0.203987544,0.222130227,0.450641849,0.336520256
"479","H11x9","H","90","90","11","9","0",1,0,3,0.09918584,0.073791762,0.086488801,0.453469992,0.326269026,2,0.066883275,0.044179054,0.055531165,0.438152773,0.33056198
"10","H1x10","H","39","38","1","10","0",1,0,1,0.028038662,0.030992924,0.029515793,0.457410629,0.337320867,0,0.009178324,0.008738055,0.00895819,0.443634595,0.33650626
"57","H2x10","H","74","75","2","10","1",2,1,2,0.150453388,0.171207559,0.160830474,0.467986676,0.341763484,3,0.33466313,0.338694176,0.336678653,0.462584758,0.361058671
"104","H3x10","H","69","69","3","10","1",3,2,3,0.227235901,0.220944642,0.224090272,0.477845068,0.328102039,3,0.306890479,0.30957342,0.30823195,0.460087073,0.351472008
"151","H4x10","H","66","66","4","10","1",2,1,3,0.159962613,0.154470692,0.157216652,0.469245596,0.324822341,3,0.222967822,0.181243482,0.202105652,0.44885728,0.349960496
"198","H5x10","H","81","81","5","10","1",2,1,3,0.114269407,0.120875193,0.1175723,0.473769485,0.334885544,3,0.243699628,0.218122166,0.230910897,0.45705675,0.346717518
"245","H6x10","H","61","61","6","10","1",2,1,2,0.174385932,0.154612729,0.164499331,0.467899038,0.347259668,3,0.322644471,0.252942737,0.287793604,0.460512481,0.367269744
"292","H7x10","H","88","38","7","10","0",1,0,3,0.096722981,0.089170608,0.092946794,0.442809774,0.329959922,1,0.039556136,0.028998436,0.034277286,0.431932286,0.32473993
"339","H8x10","H","86","86","8","10","3",3,2,4,0.307315487,0.292179085,0.299747286,0.467729969,0.319203677,3,0.378038683,0.300016997,0.33902784,0.459481401,0.349824115
"386","H9x10","H","83","89","9","10","2",3,1,3,0.168163849,0.190786617,0.179475233,0.442774024,0.317162917,3,0.29505863,0.24576912,0.270413875,0.44982743,0.323916107
"433","H10x10","H","89","89","10","10","1",3,1,3,0.15939359,0.16972093,0.16455726,0.44185043,0.324816724,3,0.343648646,0.318826538,0.331237592,0.466436061,0.337930693
"480","H11x10","H","44","47","11","10","2",3,1,4,0.208145094,0.175285526,0.19171531,0.453634199,0.335982892,3,0.297298724,0.215459988,0.256379356,0.461224748,0.343667533
"11","H1x11","H","90","90","1","11","0",1,0,1,0.027878356,0.04931143,0.038594893,0.469318881,0.336971626,1,0.068756083,0.036608066,0.052682074,0.45499538,0.340643437
"58","H2x11","H","47","47","2","11","1",2,1,2,0.153964604,0.129992641,0.141978623,0.464264106,0.330624618,3,0.273615534,0.276973156,0.275294345,0.457373301,0.349960559
"105","H3x11","H","62","88","3","11","1",2,1,1,0.034464428,0.036884349,0.035674389,0.437685557,0.331984943,3,0.24963446,0.238903704,0.244269082,0.443455017,0.34747072
"152","H4x11","H","68","68","4","11","3",3,3,4,0.375686008,0.394602261,0.385144135,0.486569216,0.316393844,4,0.467725939,0.4407571,0.454241519,0.466382776,0.354537251
"199","H5x11","H","76","76","5","11","0",1,0,2,0.122564095,0.295973784,0.20926894,0.458732283,0.37092492,2,0.166208017,0.250464823,0.20833642,0.448229641,0.372095857
"246","H6x11","H","72","72","6","11","0",1,0,2,0.053615447,0.057482849,0.055549148,0.460238363,0.342875802,2,0.053699617,0.042833585,0.048266601,0.453300604,0.359365006
"293","H7x11","H","51","26","7","11","3",3,3,3,0.181712353,0.191959557,0.186835955,0.467629693,0.338202469,4,0.491091169,0.446515451,0.46880331,0.469989293,0.330160507
"340","H8x11","H","59","80","8","11","1",2,1,3,0.200786949,0.235949982,0.218368465,0.465886685,0.331316042,3,0.343167754,0.262174704,0.302671229,0.462796801,0.354544161
"387","H9x11","H","58","79","9","11","1",3,2,3,0.292453441,0.315026054,0.303739747,0.462468962,0.329562742,3,0.384449404,0.333255848,0.358852626,0.457374104,0.34152562
"434","H10x11","H","40","40","10","11","3",3,3,4,0.329072873,0.330433926,0.329753399,0.459726262,0.322741392,4,0.434553282,0.353309892,0.393931587,0.483343135,0.329480441
"481","H11x11","H","71","71","11","11","3",3,2,4,0.364663683,0.414705837,0.38968476,0.46339578,0.331477526,4,0.423182679,0.413779145,0.418480912,0.471607473,0.344399754
"12","H1x12","H","44","43","1","12","1",1,1,2,0.048791382,0.083236964,0.066014173,0.466200972,0.332760503,2,0.151064652,0.098194755,0.124629704,0.452528963,0.339145767
"59","H2x12","H","70","70","2","12","1",2,2,3,0.351059243,0.28614479,0.318602017,0.485376014,0.332046934,4,0.422915666,0.316809723,0.369862695,0.479848309,0.361245214
"106","H3x12","H","93","93","3","12","2",2,2,3,0.290093707,0.214865419,0.252479563,0.475819674,0.333371806,3,0.238472391,0.229397035,0.233934713,0.448180352,0.350180167
"153","H4x12","H","75","92","4","12","1",1,1,2,0.132078591,0.107935038,0.120006814,0.467337415,0.329012161,2,0.097573368,0.065392793,0.081483081,0.437334486,0.326374164
"200","H5x12","H","60","83","5","12","3",3,3,4,0.322771562,0.240951649,0.281861606,0.475685855,0.317744578,5,0.508611544,0.419025955,0.46381875,0.468310243,0.329763084
"247","H6x12","H","94","94","6","12","1",3,2,3,0.325741916,0.338717493,0.332229705,0.480008904,0.333519996,4,0.165832129,0.177024275,0.171428202,0.474906921,0.340182051
"294","H7x12","H","78","93","7","12","3",3,2,4,0.472135506,0.436582725,0.454359115,0.484896956,0.326412815,4,0.380949938,0.391066241,0.38600809,0.47189901,0.352921439
"341","H8x12","H","92",NA,"8","12",NA,NA,NA,NA,NA,NA,NA,NA,NA,NA,NA,NA,NA,NA,NA
"388","H9x12","H","64","78","9","12","1",3,1,3,0.148186394,0.129704999,0.138945696,0.485985835,0.329673508,3,0.225736515,0.149486122,0.187611318,0.447172269,0.355935902
"435","H10x12","H","84","71","10","12","3",3,2,4,0.354400017,0.35199441,0.353197213,0.465217339,0.33376425,3,0.353342226,0.290135601,0.321738913,0.467482254,0.343907402
"482","H11x12","H","53","52","11","12","1",3,1,4,0.259357827,0.213615735,0.236486781,0.452406735,0.339399535,3,0.386688242,0.274158508,0.330423375,0.461711273,0.339707968
"13","H1x13","H","42","38","1","13","0",1,0,2,0.073987077,0.090096733,0.082041905,0.450547061,0.329131266,1,0.030783548,0.01554961,0.023166579,0.436383764,0.329924549
"60","H2x13","H","87","87","2","13","3",3,2,3,0.169480249,0.187873471,0.17867686,0.45821484,0.339278571,3,0.49381421,0.413493225,0.453653718,0.465914153,0.367251013
"107","H3x13","H","25","25","3","13","2",3,2,4,0.31416393,0.32059975,0.31738184,0.477535891,0.335374839,4,0.286903975,0.27419442,0.280549197,0.453044905,0.354722552
"154","H4x13","H","63","63","4","13","1",2,1,2,0.111155812,0.124094541,0.117625176,0.460540469,0.32701331,3,0.221022043,0.198330972,0.209676507,0.438630696,0.338574932
"201","H5x13","H","32","32","5","13","1",2,1,3,0.179400229,0.18912548,0.184262854,0.472932755,0.330204188,2,0.194335487,0.212322623,0.203329055,0.450819555,0.340011428
"248","H6x13","H","82","89","6","13","3",3,2,2,0.131970212,0.134343778,0.133156995,0.462415257,0.325219045,4,0.412907807,0.398524578,0.405716192,0.471755219,0.353795219
"295","H7x13","H","23",NA,"7","13","0",1,1,0,0.062378806,0.062588741,0.062483773,0.444083515,0.366399504,NA,NA,NA,NA,NA,NA
"342","H8x13","H","50","49","8","13","0",1,0,2,0.026636322,0.027607047,0.027121684,0.466898585,0.339167176,1,0.02697173,0.019222696,0.023097213,0.459515063,0.35339828
"389","H9x13","H","34","30","9","13","2",3,2,4,0.298134314,0.360694883,0.329414598,0.465561454,0.326915577,3,0.341552143,0.306919457,0.3242358,0.45991751,0.343383695
"436","H10x13","H","77","77","10","13","3",3,4,5,0.355369307,0.36324952,0.359309414,0.455744808,0.324334509,5,0.274476543,0.3254413,0.299958921,0.462976651,0.332525279
"483","H11x13","H","25","25","11","13","3",3,3,4,0.103436278,0.115552367,0.109494322,0.425775414,0.335597413,3,0.279936557,0.285326178,0.282631368,0.442548784,0.360244681
"14","H1x14","H","64","64","1","14","1",2,3,2,0.089963572,0.135153168,0.11255837,0.455429604,0.336420197,3,0.326408556,0.302264002,0.314336279,0.463215062,0.35113326
"61","H2x14","H","79","79","2","14","2",3,2,3,0.266018358,0.243738376,0.254878367,0.472262932,0.33182861,3,0.433492936,0.46980978,0.451651358,0.460353448,0.348243555
"108","H3x14","H","26","26","3","14","3",3,4,4,0.330228947,0.332920282,0.331574614,0.478686968,0.327355662,4,0.432041006,0.465773768,0.448907387,0.474396866,0.343070116
"155","H4x14","H","45","45","4","14","1",2,1,2,0.115449549,0.116134887,0.115792218,0.479083697,0.342269805,2,0.136708914,0.130642519,0.133675716,0.459039974,0.364211329
"202","H5x14","H","30","30","5","14","3",3,2,4,0.380728749,0.369366807,0.375047778,0.467981854,0.314757267,4,0.550849805,0.455231266,0.503040535,0.461136325,0.326373328
"249","H6x14","H","33","33","6","14","2",3,2,3,0.153358946,0.167939912,0.160649429,0.462931624,0.328298594,4,0.488985498,0.338479424,0.413732461,0.47685034,0.348295667
"296","H7x14","H","36","36","7","14","2",3,2,4,0.348799307,0.353703236,0.351251271,0.471410656,0.326257686,4,0.363657414,0.373506826,0.36858212,0.465882703,0.350122159
"343","H8x14","H","49","49","8","14","0",1,0,2,0.072578209,0.079252699,0.075915454,0.458656386,0.339776873,1,0.04813323,0.049769586,0.048951408,0.450251923,0.351902438
"390","H9x14","H","28","28","9","14","3",3,3,2,0.066155845,0.067855449,0.067005647,0.457779441,0.350752094,0,0.242366348,0.102547248,0.172456798,0.444679495,0.405651745
"437","H10x14","H","55","55","10","14","2",3,2,3,0.369235475,0.347578687,0.358407081,0.471152074,0.341116754,3,0.288101287,0.25568871,0.271894998,0.4660335,0.373844796
"484","H11x14","H","69","85","11","14","2",2,0,3,0.14255547,0.150576083,0.146565777,0.442268183,0.325408155,3,0.177859666,0.143556525,0.160708096,0.457912099,0.362274492
"15","H1x15","H","34","34","1","15","3",2,1,3,0.19752372,0.170065437,0.183794579,0.465219061,0.346376623,3,0.269771451,0.279430206,0.274600829,0.446548312,0.376134049
"62","H2x15","H","77","77","2","15","3",3,3,5,0.37696692,0.280865255,0.328916087,0.491649264,0.328674583,5,0.437293881,0.471952604,0.454623243,0.464196089,0.345391859
"109","H3x15","H","58","58","3","15","2",2,2,3,0.255297175,0.22038452,0.237840848,0.472495439,0.323425436,3,0.276691918,0.291501409,0.284096663,0.44880456,0.36322305
"156","H4x15","H","40","40","4","15","3",3,3,3,0.230728374,0.240445706,0.23558704,0.479927597,0.313134944,4,0.459943074,0.423571093,0.441757083,0.477167983,0.337382636
"203","H5x15","H","85","85","5","15","1",2,1,2,0.067571636,0.073803656,0.070687646,0.469655626,0.334149156,3,0.19501829,0.158391105,0.176704698,0.452409091,0.33531059
"250","H6x15","H","54","54","6","15","2",3,1,3,0.229290025,0.227003041,0.228146533,0.471104368,0.334651094,4,0.402958724,0.333797024,0.368377874,0.460283779,0.339567909
"297","H7x15","H","90","85","7","15","1",2,1,1,0.039077479,0.077558674,0.058318076,0.465784771,0.367209268,0,0.112776632,0.06326652,0.088021576,0.451797287,0.395697983
"344","H8x15","H","47","64","8","15","2",2,2,2,0.100943007,0.12548416,0.113213584,0.452592917,0.3359216,3,0.246652144,0.221887139,0.234269642,0.45316167,0.35430931
"391","H9x15","H","42","38","9","15","0",1,1,2,0.046258779,0.041601863,0.043930321,0.445306828,0.334671874,0,0.022225506,0.015498713,0.01886211,0.440550449,0.356080403
"438","H10x15","H","87","87","10","15","3",3,2,3,0.207740438,0.244409366,0.226074902,0.446876016,0.327311185,4,0.418044307,0.328564346,0.373304326,0.460994078,0.343979322
"485","H11x15","H","38","104","11","15","1",2,1,3,0.222374856,0.225764494,0.224069675,0.454503022,0.33061487,3,0.182441825,0.133469206,0.157955516,0.461941714,0.360672661
"16","H1x16","H","78","78","1","16","2",3,2,3,0.169613266,0.150504364,0.160058815,0.457496699,0.326560065,4,0.341290164,0.337201266,0.339245715,0.458158486,0.344118564
"63","H2x16","H","55","55","2","16","1",3,2,4,0.340603472,0.344091604,0.342347538,0.482590374,0.338149173,4,0.37569023,0.320507679,0.348098954,0.454848624,0.370903442
"110","H3x16","H","83","84","3","16","2",3,2,2,0.123034116,0.162627232,0.142830674,0.468713868,0.328969381,3,0.412970949,0.353350184,0.383160566,0.465817505,0.355052217
"157","H4x16","H","84","84","4","16","2",3,2,3,0.207930756,0.233921049,0.220925903,0.473851289,0.322077521,4,0.409101292,0.367562324,0.388331808,0.465154824,0.335843726
"204","H5x16","H","53","104","5","16","1",2,0,2,0.099938616,0.088167311,0.094052964,0.475074701,0.340567127,2,0.135532305,0.12565556,0.130593932,0.448857639,0.344112319
"251","H6x16","H","52","52","6","16","1",3,1,3,0.141630146,0.140764308,0.141197227,0.458254418,0.334954214,3,0.244558731,0.250220585,0.247389658,0.441348055,0.342198076
"298","H7x16","H","39","L3","7","16",NA,1,0,2,0.013788474,0.018585353,0.016186914,0.435233266,0.331382662,1,0.059558162,0.028026755,0.043792459,0.432476639,0.335352232
"345","H8x16","H","70","70","8","16","1",2,2,3,0.21232775,0.209579312,0.210953531,0.4679706,0.324998758,3,0.308872438,0.283816269,0.296344353,0.466829623,0.338581165
"392","H9x16","H","44","75","9","16","1",2,1,2,0.16019466,0.192745127,0.176469893,0.45034356,0.334770404,2,0.146422576,0.093833353,0.120127965,0.456437705,0.343807817
"439","H10x16","H","79","79","10","16","2",3,1,3,0.315370665,0.339348867,0.327359766,0.456612534,0.333205114,3,0.387967686,0.379146358,0.383557022,0.468747376,0.339071246
"486","H11x16","H","73","73","11","16","1",2,1,4,0.333588988,0.367858416,0.350723702,0.46763131,0.325373558,3,0.245392492,0.222541118,0.233966805,0.465670611,0.365736544
"17","H1x17","H","51","49","1","17","0",1,1,2,0.063421662,0.111535804,0.087478733,0.450989571,0.324612183,2,0.203542073,0.11876271,0.161152392,0.450342403,0.338111314
"64","H2x17","H","59","59","2","17","0",1,1,2,0.075898672,0.086467686,0.081183179,0.448212687,0.327756359,2,0.173459988,0.108238577,0.140849283,0.434254079,0.344213254
"111","H3x17","H","80","83","3","17","3",3,3,5,0.34663801,0.29791089,0.32227445,0.493425558,0.327421104,5,0.481182925,0.417554109,0.449368517,0.467765502,0.345257008
"158","H4x17","H","35","35","4","17","1",2,1,2,0.075242342,0.105720659,0.0904815,0.461080777,0.323744691,2,0.1982042,0.164421807,0.181313003,0.446964183,0.334948078
"205","H5x17","H","38","38","5","17","0",1,0,1,0.004011365,0.008219796,0.006115581,0.450686012,0.318817423,0,0.100820459,0.108678213,0.104749336,0.417863242,0.347515915
"252","H6x17","H","63","63","6","17","1",3,1,3,0.173298592,0.177407212,0.175352902,0.461797135,0.328165516,3,0.329932584,0.279541491,0.304737037,0.450573376,0.34472168
"299","H7x17","H","46","46","7","17","1",2,1,2,0.182143315,0.22061791,0.201380613,0.462222448,0.329894703,3,0.278636684,0.234963106,0.256799895,0.452202414,0.34626287
"346","H8x17","H","43",NA,"8","17",NA,NA,NA,NA,NA,NA,NA,NA,NA,NA,NA,NA,NA,NA,NA
"393","H9x17","H","62","61","9","17","2",3,1,3,0.201952809,0.242442344,0.222197576,0.446164905,0.321368382,3,0.363996669,0.285835121,0.324915895,0.457412882,0.357088197
"440","H10x17","H","68","68","10","17","3",3,2,4,0.322909604,0.349264632,0.336087118,0.45317991,0.316845021,4,0.417673309,0.35260959,0.385141449,0.46449395,0.335563251
"487","H11x17","H","58",NA,"11","17","2",3,NA,NA,NA,NA,NA,NA,NA,NA,NA,NA,NA,NA,NA
"18","H1x18","H","73","77","1","18","2",3,3,4,0.208982497,0.157349804,0.183166151,0.473207532,0.344038506,5,0.350709712,0.395890858,0.373300285,0.459643867,0.353450153
"65","H2x18","H","89","84","2","18","2",3,2,3,0.180839438,0.259395406,0.220117422,0.473305922,0.329385098,3,0.382452855,0.28354589,0.332999372,0.464566761,0.35414719
"112","H3x18","H","81","81","3","18","1",2,1,4,0.167697342,0.182761632,0.175229487,0.479810846,0.325582444,3,0.241288553,0.24392211,0.242605331,0.460830354,0.352815484
"159","H4x18","H","86","86","4","18","2",3,2,3,0.204046973,0.217330566,0.21068877,0.464813287,0.314796435,4,0.418507881,0.453476331,0.435992106,0.462843488,0.335199562
"206","H5x18","H","69","69","5","18","1",3,2,3,0.184902031,0.177488258,0.181195145,0.468435664,0.320060653,4,0.521388474,0.485797545,0.50359301,0.474604083,0.33048765
"253","H6x18","H","66","66","6","18","1",2,1,3,0.187694591,0.199919191,0.193806891,0.470352817,0.327884709,3,0.300115781,0.226713495,0.263414638,0.458147851,0.326357692
"300","H7x18","H","48","48","7","18","0",1,0,2,0.062974145,0.083971819,0.073472982,0.446922745,0.337052655,1,0.083698132,0.047301192,0.065499662,0.453074541,0.354376767
"347","H8x18","H","74","38","8","18","0",1,0,2,0.018059656,0.026869145,0.022464401,0.44376596,0.32491113,1,0.052202912,0.02142017,0.036811541,0.429449663,0.346201405
"394","H9x18","H","93","93","9","18","3",3,2,4,0.262209088,0.250681314,0.256445201,0.456672965,0.321140596,3,0.291472594,0.250553457,0.271013026,0.456406294,0.350805612
"441","H10x18","H","75","75","10","18","2",2,1,2,0.039041791,0.072250316,0.055646053,0.432946937,0.32304021,3,0.189477328,0.142055759,0.165766543,0.45334741,0.360819717
"488","H11x18","H","83","83","11","18","3",3,3,4,0.408507489,0.436633423,0.422570456,0.465584044,0.310219359,5,0.475152697,0.467140225,0.471146461,0.481155218,0.346326709
"19","H1x19","H","76","93","1","19","3",3,2,4,0.238239622,0.315480836,0.276860229,0.475479884,0.335616968,4,0.365358988,0.290564866,0.327961927,0.469076061,0.352788605
"66","H2x19","H","50","49","2","19","0",1,0,2,0.125660467,0.085525102,0.105592784,0.461261848,0.322256129,2,0.084853953,0.073888071,0.079371012,0.435997252,0.34528694
"113","H3x19","H","67","67","3","19","2",3,3,3,0.229131376,0.210794402,0.219962889,0.478960998,0.338741111,4,0.344937785,0.394442952,0.369690369,0.464768804,0.370184032
"160","H4x19","H","50","49","4","19","0",1,1,2,0.121993525,0.098691249,0.110342387,0.471994161,0.335667236,1,0.049978487,0.071212593,0.06059554,0.45030077,0.341757546
"207","H5x19","H","32","32","5","19","1",2,1,3,0.131289443,0.074063005,0.102676224,0.46205558,0.337505069,3,0.289669398,0.218008662,0.25383903,0.453517387,0.356340173
"254","H6x19","H","82","82","6","19","2",2,1,3,0.156620026,0.164331849,0.160475938,0.464315676,0.327355906,4,0.373160352,0.322172761,0.347666557,0.455020292,0.32931268
"301","H7x19","H","25","25","7","19","2",3,2,3,0.104270383,0.115587934,0.109929158,0.442414331,0.32897783,3,0.183590827,0.136022755,0.159806791,0.43863777,0.345308283
"348","H8x19","H","82","102","8","19","1",3,1,2,0.056241582,0.052025553,0.054133568,0.458944759,0.337616215,2,0.169156948,0.12619364,0.147675294,0.450655434,0.356657938
"395","H9x19","H","71","70","9","19","1",3,1,3,0.229555703,0.227383422,0.228469562,0.475680688,0.322628541,4,0.130489501,0.210531006,0.170510253,0.493826816,0.341605487
"442","H10x19","H","72","72","10","19","0",1,0,2,0.075034382,0.094826569,0.084930475,0.441000525,0.331058172,2,0.066261334,0.066070243,0.066165789,0.44212241,0.347374097
"489","H11x19","H","85","85","11","19","1",2,1,2,0.070365447,0.072524455,0.071444951,0.436568389,0.329541009,3,0.115473527,0.079979618,0.097726572,0.456156647,0.347010423
"20","H1x20","H","88","88","1","20","2",2,1,3,0.158126468,0.139311459,0.148718963,0.449138027,0.325230089,3,0.436689443,0.387792293,0.412240868,0.45927419,0.34394358
"67","H2x20","H","92","92","2","20","1",1,0,2,0.07614351,0.084374495,0.080259003,0.452450646,0.326119281,2,0.093772542,0.060165231,0.076968887,0.436993132,0.348772632
"114","H3x20","H","28","28","3","20","3",3,3,3,0.318435918,0.330330551,0.324383235,0.480196821,0.325797684,4,0.412334107,0.481568619,0.446951363,0.473009926,0.340830576
"161","H4x20","H","61","61","4","20","1",2,1,3,0.319974459,0.272274749,0.296124604,0.478947742,0.323036521,3,0.305876236,0.285681741,0.295778989,0.453690784,0.343634228
"208","H5x20","H","36","36","5","20","3",3,2,4,0.365163731,0.191779197,0.278471464,0.486361291,0.338230286,4,0.448347515,0.393457919,0.420902717,0.455416769,0.355384111
"255","H6x20","H","49","49","6","20","0",1,1,2,0.116464206,0.122942851,0.119703528,0.458309512,0.327944681,2,0.1646907,0.130281454,0.147486077,0.448745588,0.356402723
"302","H7x20","H","26","26","7","20","2",3,3,3,0.339244262,0.358483699,0.348863981,0.469700837,0.326745008,4,0.517975591,0.499470464,0.508723027,0.476189957,0.348888012
"349","H8x20","H","45","47","8","20","2",2,2,4,0.337252149,0.342021251,0.3396367,0.479822876,0.32478538,4,0.369313179,0.308967436,0.339140308,0.464172871,0.350018899
"396","H9x20","H","60","60","9","20","3",3,3,1,0.030956471,0.033834925,0.032395698,0.444952623,0.337444694,0,0.022718326,0.022405799,0.022562063,0.418410153,0.385311376
"443","H10x20","H","94","94","10","20","3",3,2,3,0.215301737,0.216787203,0.21604447,0.450843062,0.328918059,3,0.433276061,0.377854602,0.405565331,0.477021951,0.337339997
"490","H11x20","H","28","28","11","20","3",3,2,4,0.362925817,0.303848988,0.333387402,0.464391911,0.328931877,4,0.454534718,0.463636947,0.459085833,0.479633013,0.356575027
"21","H1x21","H","71","71","1","21","3",3,3,4,0.364691697,0.387251037,0.375971367,0.486133129,0.329329105,3,0.489401593,0.409385288,0.449393441,0.471902906,0.348918956
"68","H2x21","H","72","72","2","21","0",1,0,2,0.129212517,0.164970445,0.147091481,0.465515291,0.328122631,2,0.116900483,0.076777859,0.096839171,0.444233975,0.354146809
"115","H3x21","H","23","101","3","21","0",1,0,1,0.077509462,0.101092786,0.089301124,0.477084823,0.347473651,2,0.214655157,0.185567121,0.200111139,0.460824641,0.368223437
"162","H4x21","H","68","68","4","21","3",3,3,4,0.369354135,0.355244269,0.362299202,0.486212517,0.315597515,3,0.453889539,0.443460222,0.448674881,0.465158912,0.3370075
"209","H5x21","H","42","38","5","21","0",1,0,2,0.063857995,0.065837622,0.064847809,0.457825137,0.326316058,1,0.035010144,0.009301839,0.022155991,0.436021827,0.335964354
"256","H6x21","H","63","68","6","21","2",3,3,3,0.115774426,0.164884139,0.140329283,0.466189603,0.317328803,3,0.327108585,0.286109861,0.306609223,0.460154057,0.355111824
"303","H7x21","H","51","49","7","21","0",1,0,1,0.021122269,0.02384527,0.02248377,0.443175449,0.33482103,2,0.123525137,0.100822842,0.112173989,0.442921696,0.360169551
"350","H8x21","H","59","59","8","21","0",2,0,2,0.045946009,0.049038842,0.047492426,0.456927122,0.332107155,2,0.219478067,0.163323229,0.191400648,0.451441375,0.364251925
"397","H9x21","H","76","92","9","21","0",1,1,2,0.185974948,0.18274851,0.184361729,0.43701447,0.322337424,1,0.053178416,0.016176207,0.034677311,0.442446091,0.353185071
"444","H10x21","H","50","49","10","21","0",1,0,2,0.068156365,0.066146156,0.06715126,0.443506103,0.321983251,1,0.034022501,0.027032798,0.030527649,0.446257755,0.345741583
"491","H11x21","H","23","23","11","21","2",3,2,3,0.253234289,0.287653143,0.270443716,0.446090338,0.321382665,3,0.452309342,0.413832379,0.433070861,0.465574477,0.32992883
"22","H1x22","H","60","60","1","22","3",3,2,3,0.159906877,0.159340821,0.159623849,0.479425972,0.333909347,4,0.436601235,0.366949609,0.401775422,0.477190737,0.346238847
"69","H2x22","H","94","94","2","22","1",3,3,3,0.181447001,0.135734842,0.158590921,0.461501432,0.328086386,4,0.375875787,0.33408078,0.354978284,0.46479474,0.361815485
"116","H3x22","H","93","93","3","22","2",3,2,4,0.358589317,0.390784432,0.374686875,0.482858047,0.327236549,3,0.331068482,0.316846492,0.323957487,0.460213018,0.348654449
"163","H4x22","H","33","33","4","22","2",3,2,4,0.287389986,0.225689589,0.256539788,0.481133159,0.321395294,4,0.497200506,0.412904916,0.455052711,0.477794797,0.335514746
"210","H5x22","H","30","30","5","22","2",3,2,3,0.295143995,0.293442457,0.294293226,0.46342067,0.318766307,4,0.38987678,0.333800529,0.361838654,0.453585042,0.356404716
"257","H6x22","H","79","76","6","22","0",2,1,2,0.124118324,0.120312064,0.122215194,0.470865315,0.332499499,2,0.199889917,0.167994605,0.183942261,0.463631676,0.349687382
"304","H7x22","H","73","73","7","22","2",3,2,4,0.315151926,0.307656386,0.311404156,0.479452004,0.32986425,3,0.347405447,0.33574209,0.341573769,0.470988767,0.359253108
"351","H8x22","H","89","89","8","22","2",3,2,3,0.189109278,0.221096904,0.205103091,0.473543785,0.335815429,3,0.399313883,0.386631335,0.392972609,0.476274107,0.362832817
"398","H9x22","H","88","88","9","22","1",2,1,2,0.142012923,0.165462199,0.153737561,0.436796989,0.320284356,4,0.368467646,0.353406209,0.360936927,0.461800737,0.35691478
"445","H10x22","H","92","92","10","22","0",1,0,1,0.046800939,0.070922203,0.058861571,0.4503818,0.327231471,2,0.049495309,0.037597989,0.043546649,0.449566668,0.351459743
"492","H11x22","H","48","47","11","22","2",3,1,3,0.223370278,0.296592567,0.259981423,0.452308027,0.328956578,3,0.360539561,0.326556375,0.343547968,0.460469108,0.344166701
"23","H1x23","H","62","62","1","23","1",2,1,3,0.101834415,0.091829455,0.096831935,0.458006146,0.329750204,2,0.265279565,0.193044297,0.229161931,0.453947529,0.345485108
"70","H2x23","H","82","82","2","23","2",2,2,3,0.280930853,0.239208888,0.260069871,0.469664733,0.314881899,4,0.387013281,0.442212066,0.414612674,0.45859461,0.345767682
"117","H3x23","H","38","38","3","23","0",1,1,2,0.050170192,0.051295716,0.050732954,0.446381848,0.323457914,1,0.0569202,0.02634752,0.04163386,0.428973745,0.339358475
"164","H4x23","H","87","87","4","23","3",3,2,4,0.296822188,0.319212663,0.308017426,0.473749706,0.327094,3,0.39697486,0.317178263,0.357076561,0.457385349,0.354920524
"211","H5x23","H","58","58","5","23","1",3,2,3,0.117283869,0.163697607,0.140490738,0.46170232,0.318001646,4,0.221513592,0.252586794,0.237050193,0.448681652,0.362337092
"258","H6x23","H","47","47","6","23","1",2,1,4,0.312964498,0.320564231,0.316764364,0.476178919,0.319535749,3,0.374967256,0.307462882,0.341215069,0.456664938,0.341141137
"305","H7x23","H","80","80","7","23","1",2,1,3,0.251841108,0.266788577,0.259314842,0.454438618,0.32439553,3,0.323459839,0.246289909,0.284874874,0.454214282,0.351498318
"352","H8x23","H","40","40","8","23","3",3,3,4,0.329056476,0.300965273,0.315010875,0.483625403,0.326379131,4,0.394733438,0.365882561,0.380308,0.477537011,0.348475508
"399","H9x23","H","67","67","9","23","2",3,2,0,0.053319977,0.06253162,0.057925798,0.448063294,0.358165444,0,0.106052655,0.093538167,0.099795411,0.445517723,0.402017577
"446","H10x23","H","35","85","10","23","1",2,1,2,0.115598954,0.147533826,0.13156639,0.441651192,0.326247383,3,0.212748947,0.169574179,0.191161563,0.452750942,0.35629207
"493","H11x23","H","32","32","11","23","1",2,1,2,0.161344081,0.20135534,0.181349711,0.457613927,0.323602095,3,0.199223024,0.144314028,0.171768526,0.447230714,0.344249193
"24","H1x24","H","48","48","1","24","1",1,0,2,0.04976816,0.057739301,0.05375373,0.468747305,0.338100888,1,0.167338191,0.081652237,0.124495214,0.454142457,0.35722057
"71","H2x24","H","75","75","2","24","2",2,2,3,0.208609845,0.206338622,0.207474234,0.476646453,0.339619996,3,0.408751221,0.359990228,0.384370724,0.4700677,0.37946852
"118","H3x24","H","39","39","3","24","3",3,2,3,0.268228168,0.191880605,0.230054386,0.473067446,0.340412665,3,0.373649935,0.282030449,0.327840192,0.467732,0.368027527
"165","H4x24","H","74","74","4","24","1",2,2,4,0.243023138,0.259072234,0.251047686,0.467176418,0.317786398,4,0.446672227,0.349189526,0.397930877,0.461092563,0.343547877
"212","H5x24","H","44","44","5","24","1",2,1,4,0.240934857,0.280643462,0.260789159,0.482630153,0.330433386,3,0.259865708,0.227997337,0.243931523,0.458169281,0.342592723
"259","H6x24","H","55","55","6","24","1",2,1,3,0.253308227,0.276736155,0.265022191,0.475484676,0.364818123,2,0.103193342,0.129135112,0.116164227,0.442736997,0.372832627
"306","H7x24","H","81","87","7","24","2",3,2,3,0.313895627,0.332619926,0.323257777,0.473373568,0.33133174,4,0.418858062,0.34138484,0.380121451,0.465527113,0.360826257
"353","H8x24","H","86","80","8","24","1",2,1,2,0.070113653,0.06400201,0.067057832,0.442500215,0.335469432,3,0.298966836,0.256673758,0.277820297,0.451713031,0.364197675
"400","H9x24","H","78","85","9","24","2",3,2,4,0.191311818,0.229365892,0.210338855,0.445141535,0.325755756,3,0.376404163,0.326961372,0.351682768,0.458459724,0.358177432
"447","H10x24","H","61","55","10","24","1",3,2,3,0.252217429,0.299828332,0.276022881,0.454434458,0.337391067,4,0.336587623,0.283156761,0.309872192,0.464384152,0.373723769
"494","H11x24","H","93","93","11","24","3",3,2,4,0.388495294,0.328806167,0.35865073,0.466691716,0.322662885,4,0.363718262,0.325465373,0.344591817,0.469729611,0.36506588
"25","H1x25","H","46","46","1","25","1",2,1,3,0.144310154,0.205424119,0.174867137,0.476773288,0.335712379,3,0.305629306,0.255535685,0.280582495,0.473284864,0.358264585
"72","H2x25","H","43","44","2","25","1",2,1,3,0.315601728,0.289541525,0.302571627,0.475546514,0.325746461,2,0.135135129,0.105965353,0.120550241,0.43486744,0.372579411
"119","H3x25","H","90","90","3","25","1",1,1,2,0.125596008,0.11643973,0.121017869,0.465319635,0.328093422,2,0.101186933,0.061429931,0.081308432,0.441329515,0.348176507
"166","H4x25","H","54","33","4","25","1",3,2,3,0.076261511,0.138595866,0.107428689,0.461908542,0.330625109,4,0.590167041,0.456247485,0.523207263,0.485705935,0.351162318
"213","H5x25","H","85","85","5","25","1",2,1,2,0.118945968,0.102335262,0.110640615,0.476421607,0.33593608,3,0.249794545,0.217304602,0.233549573,0.463134558,0.374157789
"260","H6x25","H","50","49","6","25","0",1,0,2,0.064871216,0.071821521,0.068346369,0.455207696,0.326838105,2,0.096323106,0.098877735,0.097600421,0.44910885,0.354581688
"307","H7x25","H","23","49","7","25","0",1,0,2,0.056873673,0.04994703,0.053410352,0.450957572,0.332609258,2,0.135328751,0.107829152,0.121578952,0.445201543,0.349905403
"354","H8x25","H","63","86","8","25","2",2,2,3,0.219087995,0.204537691,0.211812843,0.465362841,0.33048682,3,0.371155345,0.318771195,0.34496327,0.457698837,0.356243366
"401","H9x25","H","38","38","9","25","0",1,0,1,0.0462471,0.017365821,0.031806461,0.45066406,0.334975113,1,0.016310651,0.036906382,0.026608517,0.465141541,0.34019136
"448","H10x25","H","77","77","10","25","3",3,4,5,0.411396657,0.418288241,0.414842449,0.460809715,0.317520887,5,0.292246809,0.330937113,0.311591961,0.471118171,0.338422202
"495","H11x25","H","71","71","11","25","3",3,3,4,0.395536051,0.40843375,0.401984901,0.469229385,0.334790426,4,0.430070334,0.422854455,0.426462395,0.477923165,0.37101761
"26","H1x26","H","69","69","1","26","2",2,2,3,0.286727247,0.259347624,0.273037436,0.47810769,0.328392109,3,0.311745956,0.265640388,0.288693172,0.462280715,0.341266113
"73","H2x26","H","70","103","2","26","1",2,1,3,0.165859935,0.210574209,0.188217072,0.469008584,0.328193102,4,0.32999057,0.267665518,0.298828044,0.452496062,0.351786654
"120","H3x26","H","53","52","3","26","1",2,1,3,0.390848381,0.33866433,0.364756356,0.492288574,0.322729168,5,0.418703867,0.408241651,0.413472759,0.466923684,0.354415993
"167","H4x26","H","52","52","4","26","1",2,1,3,0.289254259,0.282756942,0.2860056,0.480841129,0.322690071,3,0.319151528,0.291872336,0.305511932,0.453190914,0.342864641
"214","H5x26","H","28","28","5","26","3",3,3,3,0.085157755,0.177981587,0.131569671,0.471776874,0.32663678,3,0.076443837,0.198656479,0.137550158,0.451045015,0.355978779
"261","H6x26","H","84","84","6","26","1",2,1,2,0.089508296,0.117623757,0.103566026,0.452329582,0.324869515,3,0.351090426,0.295650338,0.323370382,0.460611881,0.353645781
"308","H7x26","H","64","64","7","26","2",3,2,2,0.104842286,0.105639003,0.105240645,0.449475112,0.327763144,4,0.329306258,0.350149877,0.339728068,0.460640335,0.357235852
"355","H8x26","H","33","33","8","26","1",3,2,3,0.253535758,0.263309156,0.258422457,0.48491274,0.341169794,4,0.407288239,0.386335302,0.39681177,0.478126935,0.362157898
"402","H9x26","H","83","49","9","26","0",1,1,2,0.022631822,0.027896997,0.025264409,0.443407156,0.335568822,2,0.088927914,0.066708597,0.077818256,0.451279319,0.354437871
"449","H10x26","H","66","64","10","26","3",3,2,3,0.192239266,0.188028174,0.19013372,0.445063747,0.327013468,3,0.369926178,0.359493368,0.364709773,0.467500325,0.364426758
"496","H11x26","H","36","36","11","26","2",2,2,4,0.285248775,0.249117732,0.267183254,0.453028398,0.327409946,4,0.409588396,0.398018094,0.403803245,0.479635237,0.36608528
"27","H1x27","H","34","34","1","27","2",2,1,4,0.275118887,0.268143428,0.271631157,0.476179041,0.337794189,4,0.400812225,0.377884369,0.389348297,0.462141806,0.359475865
"74","H2x27","H","77","47","2","27","2",2,2,4,0.333652329,0.254557091,0.29410471,0.480827795,0.320466154,4,0.379929667,0.333329578,0.356629623,0.458592744,0.355078093
"121","H3x27","H","25","25","3","27","1",2,2,1,0.018207024,0.015024003,0.016615514,0.452722166,0.348451002,NA,NA,NA,NA,NA,NA
"168","H4x27","H","35","35","4","27","1",2,2,2,0.194606776,0.199350761,0.196978769,0.469747783,0.325599282,3,0.266081436,0.217006039,0.241543738,0.45281225,0.349601971
"215","H5x27","H","32","32","5","27","1",2,1,3,0.1444447,0.175502823,0.159973762,0.470082647,0.338392646,3,0.299468229,0.244180517,0.271824373,0.459653209,0.353992577
"262","H6x27","H","82","82","6","27","2",3,1,3,0.159857645,0.177017032,0.168437339,0.467370449,0.32169226,3,0.377771178,0.370636398,0.374203788,0.462577626,0.352499647
"309","H7x27","H","62","62","7","27","2",3,1,3,0.300237295,0.273773142,0.287005219,0.475325125,0.332497033,3,0.289480174,0.314001002,0.301740588,0.457342064,0.36638407
"356","H8x27","H","63","63","8","27","2",2,1,3,0.163925163,0.18236427,0.173144717,0.459927511,0.326428948,3,0.323484883,0.282680184,0.303082534,0.45540728,0.351274406
"403","H9x27","H","46","58","9","27","3",3,2,4,0.16394794,0.185265486,0.174606713,0.450091572,0.32668938,5,0.460207011,0.402088977,0.431147994,0.475217014,0.365563824
"450","H10x27","H","43","46","10","27","2",2,1,2,0.210608253,0.264595288,0.237601771,0.463504551,0.32983987,3,0.256725909,0.212018692,0.2343723,0.465469496,0.362933043
"497","H11x27","H","51","63","11","27","1",1,2,2,0.184589214,0.229488048,0.207038631,0.460614424,0.326868361,3,0.148807198,0.127941735,0.138374467,0.47793119,0.352334479
"28","H1x28","H","83","83","1","28","3",3,3,4,0.290926587,0.237627167,0.264276877,0.461610174,0.324744855,5,0.427292021,0.376364066,0.401828043,0.458272752,0.33085909
"75","H2x28","H","66","66","2","28","2",2,2,3,0.222444633,0.224512205,0.223478419,0.473946287,0.324319801,3,0.335851035,0.304371141,0.320111088,0.457027303,0.350363159
"122","H3x28","H","36","36","3","28","3",3,2,4,0.351000721,0.311778123,0.331389422,0.486633497,0.320321209,5,0.420485016,0.445336129,0.432910572,0.471213745,0.343609437
"169","H4x28","H","45",NA,"4","28",NA,NA,NA,NA,NA,NA,NA,NA,NA,NA,NA,NA,NA,NA,NA
"216","H5x28","H","26","27","5","28","2",2,2,2,0.06126856,0.070992456,0.066130508,0.456862267,0.325135231,3,0.188850707,0.191174496,0.190012602,0.451546676,0.361922186
"263","H6x28","H","49","69","6","28","1",3,2,3,0.28140652,0.262749178,0.272077849,0.484197169,0.329155829,3,0.331763288,0.349567991,0.34066564,0.474962095,0.353668434
"310","H7x28","H","69","52","7","28","1",3,1,3,0.237737404,0.209500784,0.223619094,0.467249317,0.334011126,3,0.251724344,0.159730405,0.205727374,0.451772215,0.346225452
"357","H8x28","H","52","52","8","28","2",3,1,3,0.237386985,0.174977954,0.20618247,0.472461565,0.342948123,3,0.317116197,0.312667362,0.31489178,0.460233448,0.369929126
"404","H9x28","H","69","69","9","28","2",3,2,3,0.099169565,0.101020829,0.100095197,0.461312785,0.324485198,0,0.01307354,0.003229088,0.008151314,0.440524659,0.352297164
"451","H10x28","H","70","71","10","28","3",3,2,3,0.245323565,0.247777835,0.2465507,0.480589221,0.333884966,4,0.32264191,0.379576597,0.351109253,0.480117192,0.387458549
"498","H11x28","H","88","88","11","28","2",2,1,1,0.060554663,0.046361607,0.053458135,0.452887829,0.335054248,0,0.037493194,0.030163331,0.033828263,0.449431888,0.375912559
"29","H1x29","H","67","67","1","29","3",3,2,3,0.083454103,0.185806041,0.134630072,0.464258372,0.329978929,4,0.264221311,0.286540899,0.275381105,0.455937539,0.340079833
"76","H2x29","H","63","80","2","29","1",2,1,3,0.302766366,0.250857619,0.276811992,0.480767721,0.329851042,3,0.330479207,0.30020388,0.315341544,0.452186183,0.363451938
"123","H3x29","H","80","80","3","29","1",2,1,3,0.28721857,0.254521329,0.270869949,0.475555164,0.330507376,3,0.233213865,0.185837607,0.209525736,0.442127015,0.357977424
"170","H4x29","H","40","40","4","29","3",3,3,3,0.33854626,0.29106974,0.314808,0.489778188,0.317655797,4,0.504649171,0.445864692,0.475256932,0.479584802,0.346260459
"217","H5x29","H","76","74","5","29","1",3,2,3,0.297931941,0.34217678,0.32005436,0.482308317,0.323885834,4,0.428629383,0.358422634,0.393526009,0.473135937,0.349426182
"264","H6x29","H","50","103","6","29","1",2,1,2,0.091917859,0.09148803,0.091702945,0.461397575,0.340700504,2,0.12396127,0.089657947,0.106809609,0.44977308,0.350581868
"311","H7x29","H","38","38","7","29","1",1,0,2,0.047840605,0.056049378,0.051944991,0.447456616,0.332810547,1,0.04355541,0.02576388,0.034659645,0.447629353,0.348477758
"358","H8x29","H","82",NA,"8","29","2",3,1,3,0.119661422,0.080699841,0.100180631,0.451693745,0.317597617,4,0.266735988,0.30077941,0.283757699,0.457012757,0.35489531
"405","H9x29","H","90","90","9","29","1",1,0,3,0.165817578,0.167277155,0.166547366,0.450754299,0.324819546,3,0.141708729,0.088365808,0.115037268,0.445419893,0.347488539
"452","H10x29","H","54",NA,"10","29","1",2,2,2,0.092834484,0.091474278,0.092154381,0.45212275,0.336105841,NA,NA,NA,NA,NA,NA
"499","H11x29","H","67",NA,"11","29",NA,NA,NA,NA,NA,NA,NA,NA,NA,NA,NA,NA,NA,NA,NA
"30","H1x30","H","64","64","1","30","2",2,2,2,0.089453854,0.100042324,0.094748089,0.466041644,0.33671992,3,0.399296516,0.350164403,0.374730459,0.470609717,0.361098044
"77","H2x30","H","61","61","2","30","1",2,1,3,0.176976755,0.196727821,0.186852288,0.476374016,0.329409278,3,0.407471022,0.286243787,0.346857404,0.464818638,0.36677487
"124","H3x30","H","78","78","3","30","1",2,2,3,0.240152452,0.194478861,0.217315656,0.464441911,0.323396466,3,0.310813989,0.313686574,0.312250282,0.44774983,0.353306651
"171","H4x30","H","92","92","4","30","0",1,0,2,0.140958212,0.128615746,0.134786979,0.467968878,0.328765967,2,0.196138306,0.1262724,0.161205353,0.44643059,0.342003796
"218","H5x30","H","88","85","5","30","1",2,1,2,0.126894986,0.159946621,0.143420804,0.46776859,0.33390768,3,0.232684545,0.170598146,0.201641346,0.454309683,0.357590634
"265","H6x30","H","89","89","6","30","1",3,2,3,0.188110176,0.176951314,0.182530745,0.466807309,0.324100235,2,0.122831567,0.108892977,0.115862272,0.438378089,0.323463263
"312","H7x30","H","48","46","7","30","2",2,1,3,0.242720945,0.28709161,0.264906278,0.462439157,0.323748114,3,0.273498643,0.198611549,0.236055096,0.456507136,0.3412941
"359","H8x30","H","74","62","8","30","1",2,1,3,0.371915275,0.382544165,0.37722972,0.475264882,0.329583286,4,0.432778563,0.403887935,0.418333249,0.467368919,0.354186147
"406","H9x30","H","53",NA,"9","30","0",1,0,NA,NA,NA,NA,NA,NA,NA,NA,NA,NA,NA,NA
"453","H10x30","H","75","85","10","30","1",2,1,2,0.109308082,0.102040286,0.105674184,0.443775839,0.326023273,2,0.163887071,0.153513227,0.158700149,0.45525848,0.356858609
"500","H11x30","H","81","81","11","30","1",2,1,3,0.260612942,0.210018695,0.235315819,0.448533572,0.327884158,3,0.355699228,0.285025411,0.32036232,0.464960706,0.357096605
"31","H1x31","H","58","52","1","31","1",2,2,3,0.249573756,0.237408041,0.243490899,0.472475735,0.327226138,4,0.395805072,0.321405356,0.358605214,0.462564812,0.345547729
"78","H2x31","H","72","72","2","31","0",2,0,2,0.114516537,0.115528977,0.115022757,0.469144889,0.333046662,2,0.181357812,0.134415977,0.157886895,0.448498974,0.350236227
"125","H3x31","H","51",NA,"3","31",NA,NA,NA,NA,NA,NA,NA,NA,NA,NA,NA,NA,NA,NA,NA
"172","H4x31","H","59","59","4","31","1",2,0,2,0.107164647,0.111488647,0.109326647,0.460283562,0.318885988,2,0.193853526,0.158727758,0.176290642,0.439131223,0.338300061
"219","H5x31","H","42","38","5","31","0",1,0,2,0.044403487,0.069091831,0.056747659,0.449913834,0.324424212,1,0.031715151,0.017817393,0.024766272,0.43327488,0.342152057
"266","H6x31","H","68","58","6","31","1",3,2,2,0.071593171,0.064872734,0.068232952,0.453167779,0.330530768,4,0.501094173,0.543056943,0.522075558,0.478093474,0.323940264
"313","H7x31","H","71","71","7","31","2",3,3,3,0.342998706,0.335343949,0.339171327,0.474102701,0.324801544,4,0.395442275,0.369768951,0.382605613,0.471614211,0.355849085
"360","H8x31","H","47","49","8","31","0",1,0,3,0.068849557,0.102006073,0.085427815,0.454931743,0.334572106,3,0.178444701,0.121753199,0.15009895,0.453823736,0.34776143
"407","H9x31","H","85","60","9","31","3",3,3,3,0.243075659,0.185326291,0.214200975,0.467892072,0.343084936,4,0.315184087,0.364233599,0.339708843,0.472168861,0.374177081
"454","H10x31","H","87","23","10","31","3",3,3,3,0.287280715,0.291247321,0.289264018,0.454802822,0.327140244,3,0.380178744,0.31975822,0.349968482,0.462854425,0.358499792
"501","H11x31","H","80","70","11","31","2",3,2,3,0.186569226,0.23659779,0.211583508,0.47438394,0.33957871,4,0.41685899,0.361876377,0.389367684,0.479722944,0.379628926
"32","H1x32","H","44","44","1","32","1",2,1,4,0.361691443,0.35608132,0.358886381,0.497297528,0.336550593,3,0.332683398,0.299611125,0.316147262,0.469340435,0.35858517
"79","H2x32","H","84","84","2","32","1",2,1,2,0.096775035,0.064321486,0.08054826,0.45737423,0.310471788,3,0.323726021,0.343358249,0.333542135,0.467301133,0.359184418
"126","H3x32","H","81","81","3","32","1",2,1,3,0.165575279,0.205121366,0.185348322,0.482490294,0.330569378,3,0.328877312,0.286433668,0.30765549,0.463405032,0.355425489
"173","H4x32","H","79","79","4","32","1",3,2,3,0.412458305,0.429544031,0.421001168,0.49092863,0.319292042,3,0.505896738,0.487207017,0.496551877,0.477854676,0.356486514
"220","H5x32","H","73","73","5","32","2",2,2,3,0.285068835,0.299902743,0.292485789,0.477133622,0.332478709,3,0.277581769,0.202562283,0.240072026,0.448876524,0.340121021
"267","H6x32","H","94","94","6","32","2",3,2,3,0.232112818,0.138918453,0.185515635,0.458602852,0.324852275,4,0.343466066,0.466828761,0.405147413,0.474371887,0.345421679
"314","H7x32","H","60",NA,"7","32",NA,NA,NA,NA,NA,NA,NA,NA,NA,NA,NA,NA,NA,NA,NA
"361","H8x32","H","86","86","8","32","1",3,1,3,0.254064877,0.277279782,0.26567233,0.473768416,0.329728546,4,0.418682944,0.395539725,0.407111334,0.471167843,0.351451062
"408","H9x32","H","39","79","9","32","3",3,2,3,0.327505176,0.354166121,0.340835649,0.467844383,0.325394588,3,0.415169672,0.365008581,0.390089126,0.470360215,0.362810078
"455","H10x32","H","55","55","10","32","2",3,2,3,0.271552403,0.307158878,0.28935564,0.458379538,0.337848655,3,0.325282197,0.295432953,0.310357575,0.45932766,0.37289273
"502","H11x32","H","78","70","11","32","1",2,2,3,0.15636222,0.149959294,0.153160757,0.467457214,0.338053173,3,0.391602282,0.405823577,0.398712929,0.470061348,0.357954893
"33","H1x33","H","85","85","1","33","1",2,1,3,0.123993485,0.142379932,0.133186708,0.473318705,0.339565825,3,0.282771864,0.235199111,0.258985488,0.461155625,0.353921565
"80","H2x33","H","87","87","2","33","3",3,2,3,0.306968382,0.352510119,0.32973925,0.47717465,0.326051841,3,0.394109368,0.292069996,0.343089682,0.455219768,0.35670354
"127","H3x33","H","23","23","3","33","2",3,2,4,0.37276893,0.365638319,0.369203624,0.481483776,0.319161912,3,0.406221926,0.407168962,0.406695444,0.459413948,0.347102678
"174","H4x33","H","63","63","4","33","1",2,1,3,0.127598673,0.15748161,0.142540142,0.461185823,0.325500498,3,0.302551893,0.229791673,0.266171783,0.447284192,0.358047701
"221","H5x33","H","32","32","5","33","0",2,0,2,0.103883794,0.118187054,0.111035424,0.461565613,0.344563835,3,0.329080185,0.213662767,0.271371476,0.455601169,0.358736394
"268","H6x33","H","50","49","6","33","0",1,0,2,0.060472299,0.037618455,0.049045377,0.446010469,0.32732815,2,0.096259239,0.089408883,0.092834061,0.446619053,0.352473331
"315","H7x33","H","25","25","7","33","2",3,2,3,0.230014684,0.210330132,0.220172408,0.466406606,0.328696366,4,0.329892649,0.247136146,0.288514398,0.452073015,0.350569185
"362","H8x33","H","82","80","8","33","1",2,1,4,0.262221216,0.283698552,0.272959884,0.472478857,0.32953146,3,0.373397714,0.320384305,0.34689101,0.461155525,0.358717383
"409","H9x33","H","58","34","9","33","2",2,1,3,0.326014728,0.313874559,0.319944643,0.464934424,0.332352165,3,0.38260619,0.317981505,0.350293848,0.46378271,0.370022408
"456","H10x33","H","72","72","10","33","0",2,0,2,0.100645333,0.125089547,0.11286744,0.486794907,0.328256573,2,0.122184915,0.089935182,0.106060048,0.46049351,0.365408688
"503","H11x33","H","46","69","11","33","2",2,2,4,0.335541055,0.365211074,0.350376064,0.470875376,0.329212663,3,0.422798403,0.316447029,0.369622716,0.471811551,0.352367817
"34","H1x34","H","30","30","1","34","2",3,2,3,0.32457615,0.306235896,0.315406023,0.476384668,0.324732382,4,0.500527762,0.443022923,0.471775343,0.469306735,0.34452864
"81","H2x34","H","55","55","2","34","1",3,2,3,0.287126892,0.251632971,0.269379932,0.480748295,0.331594751,3,0.433272931,0.339016395,0.386144663,0.465017014,0.360264314
"128","H3x34","H","26","25","3","34","2",3,1,3,0.188344085,0.155972393,0.172158239,0.453000746,0.322232381,0,0.016714859,0.015149377,0.015932118,0.428291867,0.34647019
"175","H4x34","H","33","33","4","34","2",3,2,4,0.247028062,0.285420527,0.266224295,0.49158106,0.32828514,NA,NA,NA,NA,NA,NA
"222","H5x34","H","28","28","5","34","3",3,3,4,0.408601369,0.389539003,0.399070186,0.490731722,0.320639531,5,0.499097918,0.458402266,0.478750092,0.476745369,0.350192375
"269","H6x34","H","49","74","6","34","1",2,1,2,0.073848862,0.075778562,0.074813712,0.463840609,0.327233118,3,0.288593176,0.276013905,0.282303541,0.462114881,0.355097561
"316","H7x34","H","36","36","7","34","1",3,2,3,0.278990697,0.246549609,0.262770153,0.472303457,0.321435516,4,0.314373154,0.381134622,0.347753888,0.474761215,0.347597449
"363","H8x34","H","45","67","8","34","3",3,3,4,0.360538912,0.320771165,0.340655038,0.487487239,0.331773828,4,0.464848754,0.464494401,0.464671578,0.481879423,0.340240464
"410","H9x34","H","93","69","9","34","2",3,2,4,0.357067707,0.385018347,0.371043027,0.462281988,0.315447749,3,0.36682022,0.311200128,0.339010174,0.473137806,0.350072628
"457","H10x34","H","84","84","10","34","3",3,2,2,0.151120378,0.148208314,0.149664346,0.456572669,0.325523496,3,0.268888236,0.214334012,0.241611124,0.466691154,0.368615024
"504","H11x34","H","69","69","11","34","3",3,2,4,0.326390019,0.293018909,0.309704464,0.45880252,0.337376047,4,0.375993586,0.395077487,0.385535537,0.484203762,0.36528014
"35","H1x35","H","90","90","1","35","0",1,0,2,0.102276184,0.081236805,0.091756494,0.474160451,0.33908011,2,0.099168708,0.075078727,0.087123718,0.453326652,0.346605789
"82","H2x35","H","47","47","2","35","2",2,1,3,0.191909302,0.159255297,0.1755823,0.485965508,0.328528052,3,0.331288983,0.333213498,0.332251241,0.46598044,0.358288606
"129","H3x35","H","46","101","3","35","0",1,0,2,0.180766551,0.17899246,0.179879505,0.476470887,0.327763668,2,0.253492958,0.247695808,0.250594383,0.45969051,0.356366867
"176","H4x35","H","54","79","4","35","1",3,2,3,0.330823279,0.322284145,0.326553712,0.492420877,0.327771683,4,0.484436372,0.466303158,0.475369765,0.482051749,0.366393308
"223","H5x35","H","34","34","5","35","1",2,1,1,0.079737042,0.068867461,0.074302252,0.463811448,0.376617915,0,0.07314368,0.062085032,0.067614356,0.43153142,0.406785946
"270","H6x35","H","43","46","6","35","0",1,1,3,0.12086273,0.123169007,0.122015868,0.472041125,0.331316696,3,0.159892697,0.128770387,0.144331542,0.453655548,0.349828935
"317","H7x35","H","67",NA,"7","35","1",3,NA,NA,NA,NA,NA,NA,NA,NA,NA,NA,NA,NA,NA
"364","H8x35","H","77","74","8","35","1",2,2,3,0.300849141,0.283236606,0.292042874,0.477678706,0.331582097,3,0.334211907,0.31498298,0.324597443,0.467291786,0.355579008
"411","H9x35","H","51","52","9","35","1",2,1,3,0.278470025,0.293388897,0.285929461,0.453888225,0.329115095,3,0.351413171,0.272640462,0.312026817,0.459987206,0.370014291
"458","H10x35","H","59","28","10","35","3",3,3,4,0.243811845,0.222092751,0.232952298,0.456755642,0.328908823,4,0.43571793,0.458983223,0.447350576,0.478372897,0.356758365
"505","H11x35","H","76","76","11","35","0",2,1,4,0.345914298,0.392808244,0.369361271,0.487118968,0.339424354,3,0.225858128,0.246399424,0.236128776,0.463892398,0.379160333
"36","H1x36","H","93","93","1","36","3",3,2,4,0.294500002,0.318697318,0.30659866,0.481913982,0.32794172,4,0.413372397,0.345545514,0.379458955,0.471536809,0.350842202
"83","H2x36","H","86","86","2","36","3",2,2,4,0.245692209,0.198452736,0.222072473,0.480509101,0.325757958,4,0.409550948,0.412142793,0.410846871,0.471959476,0.357193404
"130","H3x36","H","39","102","3","36","1",3,2,3,0.333969324,0.415724986,0.374847155,0.484699187,0.318352261,5,0.489505602,0.422965033,0.456235318,0.460796647,0.345062741
"177","H4x36","H","75","75","4","36","1",2,1,2,0.031932561,0.019878072,0.025905316,0.443952462,0.335865737,4,0.333235153,0.246657027,0.28994609,0.45324152,0.379528485
"224","H5x36","H","69","69","5","36","1",3,2,3,0.280115303,0.228405995,0.254260649,0.484705084,0.328707901,4,0.427221809,0.372924034,0.400072922,0.476665131,0.364365179
"271","H6x36","H","70","94","6","36","1",3,2,3,0.176253723,0.15575597,0.166004847,0.465738617,0.326038224,3,0.170312065,0.169245126,0.169778595,0.480918156,0.341326422
"318","H7x36","H","64","64","7","36","2",3,2,2,0.177223123,0.140904293,0.159063708,0.455976408,0.330847891,4,0.331022649,0.321563025,0.326292837,0.46919957,0.358770176
"365","H8x36","H","61","54","8","36","2",3,2,1,0.040082379,0.036454867,0.038268623,0.463963047,0.360017318,2,0.112456703,0.15456978,0.133513241,0.446899562,0.390104964
"412","H9x36","H","92","92","9","36","0",1,1,3,0.081505312,0.111321154,0.096413233,0.45148692,0.338195627,2,0.154015033,0.105223205,0.129619119,0.456127062,0.36541019
"459","H10x36","H","79","79","10","36","2",3,2,3,0.383924986,0.429864499,0.406894742,0.463349151,0.323175231,4,0.496919754,0.445255032,0.471087393,0.487407662,0.369948773
"506","H11x36","H","48","48","11","36","1",1,1,2,0.128536829,0.144660143,0.136598486,0.452049783,0.343717597,3,0.2723248,0.203685714,0.238005257,0.459437778,0.357419933
"37","H1x37","H","71","86","1","37","2",2,2,3,0.230253816,0.202997506,0.216625661,0.471672678,0.328225858,4,0.38887715,0.438555752,0.413716451,0.466206716,0.347619804
"84","H2x37","H","50","103","2","37","1",2,1,3,0.152900789,0.14268643,0.14779361,0.478652507,0.330430234,3,0.281704933,0.280310104,0.281007518,0.46207031,0.360001291
"131","H3x37","H","38","79","3","37","2",3,3,3,0.429495087,0.336679175,0.383087131,0.488579164,0.323361912,4,0.412463705,0.398850645,0.405657175,0.470171321,0.35168155
"178","H4x37","H","82","82","4","37","2",2,2,3,0.218550794,0.272942201,0.245746497,0.479287281,0.314080319,4,0.392980407,0.319757128,0.356368768,0.463069849,0.332459051
"225","H5x37","H","76","79","5","37","1",3,2,3,0.394891678,0.364234477,0.379563077,0.488995026,0.331618089,4,0.470477523,0.409223562,0.439850543,0.479749796,0.367392066
"272","H6x37","H","35","35","6","37","1",2,1,2,0.076944737,0.07705122,0.076997979,0.46517545,0.335140613,2,0.149888712,0.131950998,0.140919855,0.450234989,0.346631824
"319","H7x37","H","62","62","7","37","1",2,1,3,0.197658058,0.145845314,0.171751686,0.458281446,0.328541707,4,0.367031518,0.353669726,0.360350622,0.467066038,0.3560322
"366","H8x37","H","40","40","8","37","3",3,3,3,0.362425474,0.300798909,0.331612192,0.484830872,0.319675318,4,0.444579116,0.438408223,0.44149367,0.486496693,0.342173339
"413","H9x37","H","80",NA,"9","37","3",3,NA,NA,NA,NA,NA,NA,NA,NA,NA,NA,NA,NA,NA
"460","H10x37","H","63","63","10","37","1",3,1,3,0.135027596,0.150578509,0.142803053,0.433720693,0.322858085,3,0.251761452,0.207819634,0.229790543,0.447356687,0.363881199
"507","H11x37","H","23","23","11","37","3",3,3,4,0.394745468,0.38647579,0.390610629,0.46797165,0.333295777,4,0.491370997,0.479915366,0.485643181,0.476015639,0.344697004
"38","H1x38","H","60","60","1","38","3",3,3,4,0.35120677,0.290077932,0.320642351,0.479898455,0.324992927,4,0.483586607,0.511012735,0.497299671,0.478399811,0.337381075
"85","H2x38","H","74","74","2","38","1",2,2,4,0.33052891,0.072865909,0.20169741,0.475114257,0.323193678,3,0.262312751,0.312382428,0.28734759,0.468139649,0.362159035
"132","H3x38","H","53","52","3","38","1",2,1,2,0.282633681,0.269496,0.27606484,0.473516583,0.317482227,3,0.323337705,0.275491264,0.299414485,0.45244364,0.345674941
"179","H4x38","H","89","89","4","38","3",3,2,3,0.144474523,0.16927079,0.156872657,0.457660392,0.313857486,4,0.375491066,0.339610185,0.357550625,0.462433782,0.345070686
"226","H5x38","H","78","78","5","38","1",2,2,3,0.242805836,0.220404987,0.231605412,0.468985858,0.328871179,3,0.361013373,0.292305551,0.326659462,0.457731621,0.359935068
"273","H6x38","H","52","52","6","38","1",3,1,3,0.203258934,0.151214192,0.177236563,0.470584,0.337754041,4,0.317267209,0.332421573,0.324844391,0.468695854,0.36506092
"320","H7x38","H","83","83","7","38","3",3,3,4,0.318597382,0.298319956,0.308458669,0.472052242,0.325277534,5,0.420773675,0.450373475,0.435573575,0.47249765,0.350541224
"367","H8x38","H","66","66","8","38","1",2,1,3,0.283113825,0.23883891,0.260976367,0.477639797,0.327451957,3,0.296715053,0.327953616,0.312334335,0.463360428,0.360673085
"414","H9x38","H","81","81","9","38","2",3,2,3,0.192124062,0.16796502,0.180044541,0.44682062,0.329251324,4,0.363747354,0.340375346,0.35206135,0.474689438,0.364537017
"461","H10x38","H","92","78","10","38","2",3,2,4,0.347006834,0.310676284,0.328841559,0.460617475,0.326122876,3,0.340368082,0.349758339,0.345063211,0.463474636,0.360550337
"508","H11x38","H","53","52","11","38","1",2,2,3,0.12491059,0.175333431,0.15012201,0.466138555,0.340623454,3,0.455401085,0.414984432,0.435192758,0.458494198,0.359200417
"39","H1x39","H","42","38","1","39","0",1,0,2,0.085537469,0.097579033,0.091558251,0.457495064,0.329997042,1,0.045365727,0.024538655,0.034952191,0.443298068,0.338124969
"86","H2x39","H","68","68","2","39","3",3,2,4,0.329042925,0.285622434,0.30733268,0.492437003,0.321634114,3,0.402973046,0.368372758,0.385672902,0.471674462,0.351921248
"133","H3x39","H","25","25","3","39","2",3,2,3,0.267121884,0.230878325,0.249000104,0.462387448,0.321651319,3,0.196219621,0.191249493,0.193734557,0.435682095,0.359071006
"180","H4x39","H","50","49","4","39","0",1,0,2,0.070165786,0.089845339,0.080005563,0.45996947,0.320211754,3,0.254132677,0.202586987,0.228359832,0.449228769,0.331833549
"227","H5x39","H","23","23","5","39","0",1,1,1,0.069744206,0.073526715,0.07163546,0.450340906,0.371264112,2,0.05913272,0.116487176,0.087809948,0.453983643,0.362570726
"274","H6x39","H","82","32","6","39","1",2,1,2,0.085449651,0.115366618,0.100408134,0.471131864,0.338520147,3,0.189718082,0.17491938,0.182318731,0.461199623,0.364976874
"321","H7x39","H","32","32","7","39","1",2,1,2,0.073308539,0.10810164,0.09070509,0.450910971,0.321745325,3,0.203318779,0.125238073,0.164278426,0.44679623,0.349065377
"368","H8x39","H","63","61","8","39","2",3,1,3,0.209111219,0.205510356,0.207310788,0.470851883,0.327400926,3,0.31546906,0.283684177,0.299576618,0.460543138,0.368717765
"415","H9x39","H","42","64","9","39","3",3,2,3,0.16854761,0.163188952,0.165868281,0.452860192,0.331415125,3,0.336454324,0.298030391,0.317242358,0.464774041,0.367848549
"462","H10x39","H","68","61","10","39","1",3,1,3,0.268586895,0.277317268,0.272952082,0.458062871,0.325540747,3,0.337917625,0.330376511,0.334147068,0.464367315,0.365011923
"509","H11x39","H","85","unique_genotype_19","11","39","3",3,2,2,0.292798207,0.285600428,0.289199318,0.474103108,0.343675637,2,0.262167408,0.238550604,0.250359006,0.450146058,0.370629566
"40","H1x40","H","48",NA,"1","40",NA,NA,NA,NA,NA,NA,NA,NA,NA,NA,NA,NA,NA,NA,NA
"87","H2x40","H","94","94","2","40","3",3,2,3,0.302759093,0.301963261,0.302361177,0.487171026,0.317621467,4,0.357882881,0.371466545,0.364674713,0.480379201,0.351896913
"134","H3x40","H","88","88","3","40","1",2,1,3,0.300351343,0.252274416,0.27631288,0.468218796,0.314237369,4,0.377909508,0.423117311,0.400513409,0.463090245,0.341772074
"181","H4x40","H","45","48","4","40","0",1,0,2,0.097276022,0.13397651,0.115626266,0.467497479,0.337731406,3,0.199186335,0.15932324,0.179254788,0.451359133,0.354697983
"228","H5x40","H","26","26","5","40","2",3,2,3,0.300170841,0.280622015,0.290396428,0.481230151,0.322359902,4,0.380147549,0.413359557,0.396753553,0.465860665,0.349343436
"275","H6x40","H","33","33","6","40","1",3,2,4,0.344189158,0.373738132,0.358963645,0.488464475,0.323893848,4,0.407681486,0.417128177,0.412404832,0.474966708,0.348796527
"322","H7x40","H","30","43","7","40","1",2,0,3,0.147875281,0.146077296,0.146976289,0.461191073,0.322607982,3,0.171480848,0.136302304,0.153891576,0.448680251,0.33836111
"369","H8x40","H","49","49","8","40","0",1,0,2,0.085814849,0.115522865,0.100668857,0.455453329,0.327312484,2,0.20359407,0.13923163,0.17141285,0.454642458,0.359196452
"416","H9x40","H","73","73","9","40","1",2,1,3,0.346970944,0.332540797,0.339755871,0.473403014,0.336961234,4,0.378309142,0.394408981,0.386359062,0.474432616,0.382616143
"463","H10x40","H","94","unique_genotype_20","10","40","0",1,0,5,0.022003738,0.036727796,0.029365767,0.443787211,0.332389742,1,0.011776118,0.006259973,0.009018046,0.446525126,0.348269415
"510","H11x40","H","64","64","11","40","2",2,2,3,0.17894872,0.219749637,0.199349179,0.444562171,0.322116098,4,0.467550472,0.37109115,0.419320811,0.4650296,0.340843305
"41","H1x41","H","80","80","1","41","1",2,1,4,0.272685104,0.270616261,0.271650682,0.474315531,0.328413059,3,0.415388121,0.36198936,0.388688741,0.464403789,0.352412587
"88","H2x41","H","63","49","2","41","2",2,1,3,0.179337223,0.19085507,0.185096146,0.460350952,0.323213444,3,0.301283635,0.273420362,0.287351998,0.447541749,0.346412532
"135","H3x41","H","51","49","3","41","0",1,0,2,0.1308053,0.125483636,0.128144468,0.461536319,0.319109751,2,0.224136059,0.172940294,0.198538177,0.450564618,0.344460944
"182","H4x41","H","59",NA,"4","41",NA,NA,NA,NA,NA,NA,NA,NA,NA,NA,NA,NA,NA,NA,NA
"229","H5x41","H","85","85","5","41","0",2,0,2,0.066105766,0.094852294,0.08047903,0.460032354,0.33118116,2,0.143199068,0.09348594,0.118342504,0.451661514,0.348634359
"276","H6x41","H","72","72","6","41","0",2,0,2,0.040031944,0.048599441,0.044315693,0.460656644,0.331449831,2,0.096167842,0.064642266,0.080405054,0.4495094,0.351919489
"323","H7x41","H","90","90","7","41","0",1,0,3,0.029632314,0.040034224,0.034833269,0.452762588,0.325325243,2,0.119947627,0.08320489,0.101576259,0.453085327,0.339554585
"370","H8x41","H","47","74","8","41","1",2,2,3,0.205256089,0.24492383,0.225089959,0.470928177,0.3245359,3,0.28512317,0.282123498,0.283623334,0.464917859,0.345555806
"417","H9x41","H","71","80","9","41","2",3,1,3,0.149116473,0.198713971,0.173915222,0.461965843,0.334746934,3,0.377867155,0.383782379,0.380824767,0.474595038,0.356718066
"464","H10x41","H","50","49","10","41","1",1,0,2,0.044375889,0.055098102,0.049736995,0.450599994,0.31544822,2,0.177308703,0.138092142,0.157700423,0.453488902,0.355462523
"511","H11x41","H","58","58","11","41","2",3,2,3,0.132969305,0.144281683,0.138625494,0.454426793,0.336795153,0,0.079876067,0.039388843,0.059632455,0.443882758,0.360463597
"42","H1x42","H","73","73","1","42","3",3,2,4,0.373051319,0.41052321,0.391787265,0.494104427,0.330037001,3,0.430590481,0.365237974,0.397914227,0.478327755,0.356203363
"89","H2x42","H","92","92","2","42","0",1,1,2,0.079006404,0.105287543,0.092146974,0.455163056,0.322468401,2,0.218374478,0.142650321,0.180512399,0.448320789,0.339551484
"136","H3x42","H","36",NA,"3","42","1",3,2,3,0.291056896,0.32377928,0.307418088,0.485851623,0.32071675,4,0.437700266,0.43549799,0.436599128,0.471275471,0.343179748
"183","H4x42","H","79","68","4","42","3",3,3,4,0.401143177,0.362337401,0.381740289,0.490288074,0.31594065,3,0.410669857,0.460572515,0.435621186,0.467107551,0.339842752
"230","H5x42","H","28","38","5","42","0",1,0,2,0.054461395,0.055496337,0.054978866,0.461724316,0.329410569,2,0.044412599,0.026562116,0.035487357,0.44753088,0.345193285
"277","H6x42","H","55","52","6","42","1",2,1,3,0.34246213,0.341719896,0.342091013,0.488255348,0.333151282,4,0.378414099,0.298704331,0.338559215,0.464204903,0.362631039
"324","H7x42","H","60","60","7","42","2",3,3,4,0.346931637,0.274190735,0.310561186,0.481444865,0.326557103,5,0.462949902,0.346263981,0.404606941,0.46936487,0.34365107
"371","H8x42","H","86","64","8","42","2",2,2,2,0.151864934,0.189507005,0.17068597,0.450825356,0.327845314,3,0.356341843,0.299288813,0.327815328,0.460185693,0.351583682
"418","H9x42","H","48","48","9","42","0",1,0,2,0.061942318,0.066149584,0.064045951,0.449544948,0.333906193,3,0.338056133,0.260770444,0.299413289,0.454366063,0.343926757
"465","H10x42","H","74","74","10","42","2",2,2,3,0.318799022,0.292202229,0.305500625,0.457948071,0.321439685,3,0.277591398,0.249086131,0.263338764,0.461551974,0.371381221
"512","H11x42","H","44","43","11","42","1",2,0,3,0.144350062,0.129751263,0.137050663,0.446100822,0.331685407,2,0.164508664,0.111731223,0.138119943,0.452418144,0.362669333
"43","H1x43","H","62","62","1","43","3",3,1,3,0.236049523,0.184350176,0.21019985,0.466717864,0.327490911,3,0.488112088,0.478085938,0.483099013,0.474778619,0.348867771
"90","H2x43","H","40","40","2","43","3",3,3,4,0.28436501,0.292245958,0.288305484,0.483506909,0.317819856,4,0.490600797,0.426938453,0.458769625,0.484447148,0.32921242
"137","H3x43","H","67","67","3","43","2",3,3,4,0.393857075,0.341949774,0.367903425,0.485322365,0.316324145,4,0.414085274,0.426980215,0.420532745,0.472633267,0.344167967
"184","H4x43","H","77","88","4","43","0",1,1,3,0.337461706,0.290089239,0.313775473,0.476614023,0.322796113,3,0.357002125,0.300900587,0.328951356,0.465311852,0.35548134
"231","H5x43","H","58",NA,"5","43","1",2,NA,NA,NA,NA,NA,NA,NA,NA,NA,NA,NA,NA,NA
"278","H6x43","H","43","43","6","43","1",2,0,3,0.123321784,0.067902213,0.095611998,0.4683931,0.340460624,3,0.231314058,0.241759773,0.236536916,0.466959516,0.341883051
"325","H7x43","H","46","46","7","43","1",2,1,3,0.208020958,0.233294852,0.220657905,0.471985102,0.322022194,3,0.304326634,0.261750383,0.283038508,0.466249519,0.354790027
"372","H8x43","H","87","87","8","43","3",3,1,3,0.277014676,0.275547437,0.276281056,0.466313116,0.325936746,3,0.410205025,0.361997943,0.386101484,0.468547513,0.349722464
"419","H9x43","H","38","35","9","43","1",2,1,2,0.152307971,0.167921601,0.160114786,0.460097837,0.325750093,3,0.307213427,0.242063711,0.274638569,0.45115919,0.327972325
"466","H10x43","H","82","102","10","43","1",3,1,3,0.103344612,0.068212656,0.085778634,0.436345922,0.330781936,3,0.255477037,0.274604147,0.265040592,0.458873046,0.359746179
"513","H11x43","H","62","68","11","43","3",3,3,4,0.32741829,0.438911198,0.383164744,0.456773638,0.337192762,4,0.514698152,0.376302852,0.445500502,0.479519592,0.376176411
"44","H1x44","H","81","90","1","44","0",1,0,1,0.029380199,0.027014708,0.028197453,0.46315145,0.33521148,2,0.129524663,0.083405744,0.106465204,0.459090406,0.354854192
"91","H2x44","H","66","66","2","44","2",2,2,4,0.299615758,0.344944252,0.322280005,0.494742179,0.329287733,4,0.446336713,0.404710875,0.425523794,0.485365713,0.351831745
"138","H3x44","H","44","44","3","44","1",2,1,3,0.22001343,0.229308479,0.224660955,0.475600485,0.32348243,2,0.088304204,0.062486113,0.075395158,0.446198868,0.358279616
"185","H4x44","H","61","61","4","44","1",2,1,3,0.213623916,0.207109191,0.210366553,0.484343819,0.32358538,3,0.358392981,0.321420141,0.339906561,0.462010008,0.354496587
"232","H5x44","H","64","64","5","44","1",2,2,2,0.114929627,0.139986979,0.127458303,0.460638976,0.334831495,3,0.203151652,0.191834403,0.197493027,0.455156934,0.350168467
"279","H6x44","H","84","84","6","44","1",3,1,2,0.099080114,0.15871107,0.128895592,0.473560498,0.325872189,3,0.210098291,0.132501206,0.171299748,0.451045616,0.348547005
"326","H7x44","H","93","93","7","44","2",3,2,3,0.296803576,0.301617868,0.299210722,0.474851597,0.319523208,3,0.260203065,0.254375564,0.257289315,0.461569874,0.351624661
"373","H8x44","H","75","75","8","44","2",2,1,3,0.445483724,0.423882124,0.434682924,0.495924162,0.333565621,3,0.335313686,0.29020982,0.312761753,0.465316194,0.365841526
"420","H9x44","H","88",NA,"9","44","1",3,NA,NA,NA,NA,NA,NA,NA,NA,NA,NA,NA,NA,NA
"467","H10x44","H","89","89","10","44","2",3,1,3,0.248868731,0.260567884,0.254718307,0.451249465,0.314687506,3,0.350024072,0.33246062,0.341242346,0.474899084,0.353339487
"514","H11x44","H","81","81","11","44","1",2,2,4,0.237600226,0.242684512,0.240142369,0.454092733,0.320918355,3,0.342084823,0.267413229,0.304749026,0.461549798,0.36346528
"45","H1x45","H","32","32","1","45","1",2,1,3,0.190233551,0.235092425,0.212662988,0.474849246,0.326255448,2,0.177545123,0.11764455,0.147594836,0.451593096,0.343002084
"92","H2x45","H","63","80","2","45","1",2,2,4,0.261681431,0.253167026,0.257424229,0.475295322,0.32394339,3,0.329899095,0.298352265,0.31412568,0.451744438,0.345141983
"139","H3x45","H","76",NA,"3","45",NA,NA,NA,NA,NA,NA,NA,NA,NA,NA,NA,NA,NA,NA,NA
"186","H4x45","H","82","82","4","45","1",3,1,2,0.223175723,0.166319173,0.194747448,0.469912933,0.324646918,4,0.184992283,0.316350928,0.250671605,0.47957291,0.341273913
"233","H5x45","H","34","34","5","45","1",2,1,3,0.317040125,0.336702689,0.326871407,0.481564256,0.33239845,3,0.179299268,0.118783143,0.149041205,0.448818046,0.375392321
"280","H6x45","H","35","35","6","45","1",2,1,2,0.080836012,0.077596358,0.079216185,0.467586375,0.317563876,3,0.248702719,0.209138502,0.228920611,0.464145055,0.347838214
"327","H7x45","H","23","77","7","45","3",3,4,5,0.22936607,0.424365367,0.326865719,0.482290805,0.325672616,5,0.2864496,0.436217327,0.361333464,0.473783311,0.349707435
"374","H8x45","H","54","54","8","45","2",3,1,3,0.328093874,0.301219086,0.31465648,0.478648291,0.328392555,4,0.395991946,0.400118546,0.398055246,0.474130962,0.359908632
"421","H9x45","H","25","64","9","45","2",3,2,3,0.130196003,0.143828105,0.137012054,0.459684642,0.328224506,4,0.463379457,0.362622648,0.413001053,0.467159544,0.337992299
"468","H10x45","H","50","71","10","45","3",3,3,0,0.056443419,0.045870794,0.051157106,0.453942555,0.345146796,NA,NA,NA,NA,NA,NA
"515","H11x45","H","32","32","11","45","0",1,0,2,0.06304678,0.083425828,0.073236304,0.470224665,0.34319031,3,0.123936706,0.175256348,0.149596527,0.483175011,0.359067703
"46","H1x46","H","83","83","1","46","3",3,3,4,0.35569917,0.329408555,0.342553863,0.482587923,0.31780676,5,0.584388213,0.534995706,0.55969196,0.483031666,0.332992916
"93","H2x46","H","49","43","2","46","1",2,1,2,0.067450077,0.080261796,0.073855937,0.468581689,0.327811739,2,0.193922248,0.161672884,0.177797566,0.453363699,0.347560815
"140","H3x46","H","69","69","3","46","3",3,3,3,0.328428728,0.196630787,0.262529757,0.463905671,0.323910168,3,0.17433183,0.134405882,0.154368856,0.45541066,0.348686873
"187","H4x46","H","52","52","4","46","1",2,1,3,0.148065948,0.177265244,0.162665596,0.468211134,0.316959718,3,0.336239934,0.28459905,0.310419492,0.456001452,0.340966464
"234","H5x46","H","39","39","5","46","2",2,2,4,0.373481088,0.346763344,0.360122216,0.474090316,0.308583286,4,0.424580529,0.334778857,0.379679693,0.4662115,0.342675326
"281","H6x46","H","70","73","6","46","1",3,2,4,0.450137978,0.43693167,0.443534824,0.502189901,0.328810323,4,0.406284196,0.376519115,0.391401656,0.483524659,0.360410816
"328","H7x46","H","78","79","7","46","2",3,2,3,0.372644592,0.376190389,0.37441749,0.467120914,0.314209499,4,0.452649802,0.413734209,0.433192006,0.482807371,0.351540076
"375","H8x46","H","33","unique_genotype_17","8","46","2",2,2,4,0.418722828,0.459890808,0.439306818,0.480047691,0.310615715,2,0.139450595,0.099238796,0.119344695,0.450449248,0.34656449
"422","H9x46","H","53","54","9","46","1",3,2,3,0.421360133,0.350438387,0.38589926,0.484696735,0.333900022,4,0.478479407,0.614995207,0.546737307,0.493997431,0.34897274
"469","H10x46","H","45",NA,"10","46",NA,NA,NA,NA,NA,NA,NA,NA,NA,NA,NA,NA,NA,NA,NA
"516","H11x46","H","83","33","11","46","2",3,3,4,0.374085591,0.388864063,0.381474827,0.46693257,0.320698722,4,0.40926662,0.369431996,0.389349308,0.471863307,0.357992766
"47","H1x47","H","90","90","1","47","0",1,0,2,0.052321423,0.064297559,0.058309491,0.453131555,0.314070599,2,0.135887474,0.101604656,0.118746065,0.445978082,0.359573665
"94","H2x47","H","82","102","2","47","2",3,2,3,0.237084329,0.289575938,0.263330134,0.46915412,0.317518983,3,0.471939552,0.429077647,0.450508599,0.468222036,0.344718188
"141","H3x47","H","71","71","3","47","3",3,2,4,0.35985382,0.362596524,0.361225172,0.488445628,0.323512408,4,0.392928308,0.416359066,0.404643687,0.468825198,0.341632108
"188","H4x47","H","68","62","4","47","1",2,1,3,0.181839115,0.109162701,0.145500908,0.470182646,0.326131898,3,0.417057781,0.39695754,0.40700766,0.46832611,0.360437224
"235","H5x47","H","85","85","5","47","1",2,1,2,0.117977549,0.149091569,0.133534559,0.472812284,0.335434722,3,0.287953245,0.226923003,0.257438124,0.461280273,0.360489509
"282","H6x47","H","59","59","6","47","1",2,0,2,0.101146958,0.114670688,0.107908823,0.45246408,0.32540553,3,0.219968603,0.12241609,0.171192346,0.440794518,0.338129376
"329","H7x47","H","80","80","7","47","1",2,1,3,0.293976292,0.275265162,0.284620727,0.470321075,0.32402583,3,0.315162554,0.276957555,0.296060055,0.455867565,0.353198881
"376","H8x47","H","40","40","8","47","3",3,3,3,0.170908246,0.162621807,0.166765026,0.468182109,0.334868034,2,0.153822862,0.130965606,0.142394234,0.458208908,0.36665735
"423","H9x47","H","51","49","9","47","0",1,1,3,0.122592103,0.147702699,0.135147401,0.446514669,0.326285862,3,0.294896618,0.193156875,0.244026746,0.451312585,0.331351134
"470","H10x47","H","47","47","10","47","1",3,1,4,0.323480113,0.34104281,0.332261462,0.451079521,0.316061252,3,0.384276353,0.350401911,0.367339132,0.473228499,0.364998507
"517","H11x47","H","67","unique_genotype_18","11","47","1",2,1,2,0.199101955,0.195917177,0.197509566,0.46622206,0.33481211,3,0.378817307,0.277450475,0.328133891,0.479229892,0.368930886
