"","ID","site","clone","row","col","VS_24","FR_24","GCC_24","RCC_24","VS_25","FR_25","GCC_25","RCC_25"
"1","H1x1","H","25","1","1",3,0.180532592,0.446382067,0.322667331,3,0.296784691,0.448176545,0.340962041
"48","H2x1","H","90","2","1",1,0.016661405,0.457603286,0.337564407,2,0.112224105,0.451321443,0.359664407
"95","H3x1","H","88","3","1",3,0.20425636,0.459935202,0.32141055,3,0.419139172,0.453416721,0.349272083
"142","H4x1","H","82","4","1",3,0.085924689,0.465399026,0.323886133,3,0.315016106,0.449677206,0.356501218
"189","H5x1","H","81","5","1",3,0.115330443,0.467704181,0.328839016,2,0.269175139,0.452517458,0.347984445
"236","H6x1","H",NA,"6","1",NA,NA,NA,NA,NA,NA,NA,NA
"283","H7x1","H","71","7","1",3,0.252805126,0.489456879,0.348412054,3,0.278405915,0.47058717,0.36801124
"330","H8x1","H","92","8","1",2,0.081929606,0.45726785,0.3370535,2,0.120702584,0.449578984,0.365009733
"377","H9x1","H","80","9","1",2,0.077067509,0.449793514,0.339171571,1,0.096975545,0.448326273,0.362772595
"424","H10x1","H","49","10","1",3,0.090444899,0.452412966,0.333982268,1,0.065246287,0.445972422,0.357969867
"471","H11x1","H","25","11","1",4,0.226129677,0.450218889,0.325948996,3,0.325951622,0.456596658,0.337235507
"2","H1x2","H","88","1","2",2,0.08172617,0.444684717,0.324348872,3,0.337289203,0.450348189,0.341764625
"49","H2x2","H","32","2","2",2,0.135510071,0.472367364,0.335025761,1,0.083251173,0.449437574,0.348804773
"96","H3x2","H","78","3","2",4,0.173991418,0.467481796,0.329468481,3,0.337585809,0.451015475,0.348167018
"143","H4x2","H","49","4","2",1,0.027190337,0.460458283,0.329338404,1,0.075601621,0.448986178,0.346919058
"190","H5x2","H","83","5","2",3,0.202038979,0.472533422,0.326261028,2,0.200456383,0.448424468,0.3497326
"237","H6x2","H","94","6","2",3,0.144707775,0.467737746,0.326414446,3,0.203742179,0.471013837,0.35017046
"284","H7x2","H","93","7","2",4,0.357269666,0.487744234,0.34327611,3,0.320274351,0.4669712,0.336625424
"331","H8x2","H","52","8","2",3,0.254094421,0.47651061,0.329854342,3,0.317187681,0.463555136,0.342812137
"378","H9x2","H","101","9","2",3,0.273009482,0.465004624,0.323257831,2,0.125222898,0.457916373,0.349104564
"425","H10x2","H","33","10","2",4,0.274136706,0.454794282,0.32657794,4,0.351373857,0.473901678,0.353553277
"472","H11x2","H","28","11","2",4,0.250296623,0.450074848,0.317576964,3,0.457748141,0.466473689,0.321970894
"3","H1x3","H","38","1","3",2,0.038025317,0.435761789,0.324408784,1,0.014146925,0.431445989,0.327614138
"50","H2x3","H",NA,"2","3",NA,NA,NA,NA,NA,NA,NA,NA
"97","H3x3","H","49","3","3",2,0.066177577,0.458255037,0.328979443,2,0.118623927,0.446101011,0.347098782
"144","H4x3","H","59","4","3",2,0.046805032,0.462286333,0.322956816,1,0.102546626,0.437789135,0.326723309
"191","H5x3","H","38","5","3",1,0.026449787,0.451106579,0.320289177,0,0.013061196,0.43379454,0.334511525
"238","H6x3","H","68","6","3",4,0.438297912,0.478774729,0.320538803,4,0.385618275,0.468290301,0.350783775
"285","H7x3","H","63","7","3",2,0.131443898,0.459630433,0.333101398,3,0.2356366,0.448404374,0.3258426
"332","H8x3","H","87","8","3",3,0.276587842,0.485131525,0.333679507,4,0.402831355,0.473655742,0.360864537
"379","H9x3","H","90","9","3",2,0.059399135,0.462831994,0.32786177,1,0.038543083,0.445847626,0.344689239
"426","H10x3","H","61","10","3",3,0.179684908,0.462969365,0.33136967,3,0.291932797,0.466468764,0.359437767
"473","H11x3","H","48","11","3",2,0.114695523,0.449074698,0.334803453,2,0.165069067,0.446512423,0.327328305
"4","H1x4","H","28","1","4",3,0.213299301,0.478173431,0.32834359,4,0.490749473,0.475857261,0.346946002
"51","H2x4","H","86","2","4",3,0.211669193,0.466446183,0.321414301,3,0.382653693,0.459556036,0.356133258
"98","H3x4","H","64","3","4",3,0.162643694,0.459708748,0.328149081,3,0.393824109,0.456230175,0.356199021
"145","H4x4","H","92","4","4",1,0.009630879,0.467291924,0.326915918,2,0.112778679,0.445597145,0.354928945
"192","H5x4","H","92","5","4",2,0.043541201,0.466378089,0.325588809,1,0.063897451,0.445766353,0.337542225
"239","H6x4","H","80","6","4",2,0.029781186,0.443079623,0.323670425,3,0.123175568,0.458435935,0.35520205
"286","H7x4","H","44","7","4",3,0.307016778,0.473806976,0.327038608,3,0.30101604,0.458805148,0.33529509
"333","H8x4","H","79","8","4",3,0.365139534,0.48108075,0.326135174,4,0.445473867,0.477425781,0.360333517
"380","H9x4","H","39","9","4",3,0.33260226,0.468043452,0.318870659,3,0.319614569,0.462698455,0.351302982
"427","H10x4","H","66","10","4",3,0.183721929,0.443506376,0.3218101,3,0.222234144,0.451833333,0.347153254
"474","H11x4","H","36","11","4",4,0.356197593,0.455251491,0.316053227,3,0.440023558,0.469904181,0.321694216
"5","H1x5","H","80","1","5",2,0.095831795,0.44297469,0.316518702,2,0.258088716,0.460912903,0.36218821
"52","H2x5","H","35","2","5",1,0.065909228,0.465668117,0.330174232,2,0.222218048,0.451046103,0.351746663
"99","H3x5","H","54","3","5",4,0.239700705,0.470503227,0.326994425,4,0.402486063,0.461871946,0.33892058
"146","H4x5","H","40","4","5",4,0.28543016,0.48356168,0.312027785,4,0.385764017,0.469187652,0.336440334
"193","H5x5","H","34","5","5",3,0.214954329,0.468408576,0.333680612,NA,NA,NA,NA
"240","H6x5","H","77","6","5",5,0.309987641,0.464660054,0.321061196,5,0.310581244,0.464003314,0.327862776
"287","H7x5","H","71","7","5",4,0.302739042,0.483142698,0.342045979,4,0.400513922,0.475280996,0.360933529
"334","H8x5","H","47","8","5",3,0.234192788,0.477691735,0.325983961,3,0.284624739,0.467107419,0.36268825
"381","H9x5","H","93","9","5",4,0.340998503,0.471830366,0.32204709,3,0.286921689,0.46588667,0.352876935
"428","H10x5","H","43","10","5",3,0.086495995,0.451130166,0.330724239,2,0.110490139,0.449727476,0.361391677
"475","H11x5","H","48","11","5",2,0.062986438,0.458966648,0.34207996,1,0.104641942,0.451849867,0.339960962
"6","H1x6","H","54","1","6",4,0.197463531,0.462587189,0.330283577,4,0.405746806,0.462019588,0.358074191
"53","H2x6","H","89","2","6",3,0.12201969,0.458632515,0.321526022,3,0.338625938,0.455229096,0.349264481
"100","H3x6","H","83","3","6",4,0.293006356,0.473299162,0.316527986,5,0.492210916,0.461873056,0.319251864
"147","H4x6","H","84","4","6",2,0.086681995,0.460740155,0.328854442,3,0.22553497,0.457754217,0.339120624
"194","H5x6","H","30","5","6",3,0.251337512,0.469034143,0.314755008,3,0.303403863,0.448116246,0.342571328
"241","H6x6","H","55","6","6",3,0.26503893,0.463451521,0.343209625,3,0.200153134,0.439538985,0.340379469
"288","H7x6","H","43","7","6",3,0.100861707,0.444875649,0.353877862,1,0.080204045,0.441604576,0.365713688
"335","H8x6","H","71","8","6",4,0.375723275,0.491309197,0.338073925,4,0.335377744,0.473747419,0.374158123
"382","H9x6","H","48","9","6",2,0.09545692,0.446561949,0.332097042,2,0.063419818,0.446469734,0.341227081
"429","H10x6","H","75","10","6",2,0.087951726,0.434594387,0.335678192,2,0.174051875,0.452605972,0.363206929
"476","H11x6","H","60","11","6",4,0.329717914,0.475923219,0.332920361,4,0.42820401,0.477925277,0.340197317
"7","H1x7","H","85","1","7",2,0.101259738,0.478252573,0.339164717,2,0.195997958,0.461072142,0.366252027
"54","H2x7","H","54","2","7",4,0.248496772,0.462155578,0.326868358,4,0.405933337,0.457700573,0.357650776
"101","H3x7","H","32","3","7",2,0.087355314,0.454821121,0.330130367,3,0.264170623,0.454716095,0.367065495
"148","H4x7","H","49","4","7",2,0.05318072,0.454556299,0.326769649,2,0.099716007,0.437240041,0.32794152
"195","H5x7","H","23","5","7",3,0.291041216,0.480197432,0.32849256,3,0.326174735,0.457920292,0.356840942
"242","H6x7","H",NA,"6","7",NA,NA,NA,NA,NA,NA,NA,NA
"289","H7x7","H","25","7","7",3,0.152003941,0.4536813,0.331711296,3,0.226687152,0.448285926,0.35667157
"336","H8x7","H","102","8","7",3,0.223351769,0.464609258,0.324710165,3,0.233743266,0.454731743,0.346346779
"383","H9x7","H","83","9","7",5,0.385788868,0.467602561,0.313489436,5,0.439140987,0.474248809,0.346195633
"430","H10x7","H","104","10","7",3,0.162997201,0.447630271,0.331054095,2,0.137073116,0.44791045,0.341798882
"477","H11x7","H","76","11","7",2,0.06931104,0.449745979,0.324939682,2,0.055135915,0.452092385,0.328367763
"8","H1x8","H","48","1","8",1,0.047823913,0.463250157,0.340574727,1,0.063745551,0.456743202,0.355334861
"55","H2x8","H","75","2","8",3,0.112030066,0.461968225,0.335936674,3,0.383092932,0.465961746,0.368455547
"102","H3x8","H","28","3","8",3,0.230108726,0.47691862,0.332429325,4,0.410313034,0.460863536,0.361923479
"149","H4x8","H","33","4","8",4,0.221560375,0.46757841,0.321998238,4,0.463331149,0.463038538,0.320463806
"196","H5x8","H","43","5","8",2,0.07883334,0.470493387,0.348387628,3,0.128227972,0.454246535,0.349889302
"243","H6x8","H","49","6","8",2,0.061848005,0.448391405,0.335382318,1,0.054933241,0.444442435,0.343435115
"290","H7x8","H","52","7","8",3,0.098231317,0.449065874,0.339836985,3,0.246029683,0.452573959,0.36687309
"337","H8x8","H","45","8","8",3,0.191862312,0.473591052,0.342848787,2,0.148915763,0.459000336,0.366365723
"384","H9x8","H","73","9","8",2,0.116811186,0.448544715,0.339960589,1,0.059808242,0.459929134,0.364114099
"431","H10x8","H","52","10","8",3,0.269466146,0.457951025,0.337822586,3,0.286793348,0.466196091,0.348889794
"478","H11x8","H","64","11","8",3,0.197916359,0.447519968,0.322271671,3,0.33836998,0.45557376,0.339353443
"9","H1x9","H",NA,"1","9",NA,NA,NA,NA,NA,NA,NA,NA
"56","H2x9","H","43","2","9",3,0.125204812,0.469544843,0.330832558,2,0.128085077,0.44867862,0.350621518
"103","H3x9","H","71","3","9",4,0.367773196,0.490207066,0.328258307,3,0.177162611,0.448827799,0.365507428
"150","H4x9","H","68","4","9",4,0.32193007,0.479919212,0.316214867,4,0.514266994,0.466552163,0.320751535
"197","H5x9","H","67","5","9",2,0.142739611,0.471918935,0.335764487,3,0.363227819,0.455977537,0.353013691
"244","H6x9","H","82","6","9",3,0.104134908,0.45433918,0.32725294,3,0.285537278,0.451283194,0.350972491
"291","H7x9","H","101","7","9",2,0.153318883,0.467864922,0.348271915,3,0.189489978,0.457664182,0.347108307
"338","H8x9","H","49","8","9",2,0.049061967,0.454901805,0.338405542,1,0.048312593,0.447082539,0.345405488
"385","H9x9","H","70","9","9",4,0.317970748,0.458275021,0.324648216,4,0.329151914,0.478595052,0.348266147
"432","H10x9","H","35","10","9",2,0.171604929,0.455428951,0.327957437,3,0.222130227,0.450641849,0.336520256
"479","H11x9","H","90","11","9",3,0.086488801,0.453469992,0.326269026,2,0.055531165,0.438152773,0.33056198
"10","H1x10","H","38","1","10",1,0.029515793,0.457410629,0.337320867,0,0.00895819,0.443634595,0.33650626
"57","H2x10","H","75","2","10",2,0.160830474,0.467986676,0.341763484,3,0.336678653,0.462584758,0.361058671
"104","H3x10","H","69","3","10",3,0.224090272,0.477845068,0.328102039,3,0.30823195,0.460087073,0.351472008
"151","H4x10","H","66","4","10",3,0.157216652,0.469245596,0.324822341,3,0.202105652,0.44885728,0.349960496
"198","H5x10","H","81","5","10",3,0.1175723,0.473769485,0.334885544,3,0.230910897,0.45705675,0.346717518
"245","H6x10","H","61","6","10",2,0.164499331,0.467899038,0.347259668,3,0.287793604,0.460512481,0.367269744
"292","H7x10","H","38","7","10",3,0.092946794,0.442809774,0.329959922,1,0.034277286,0.431932286,0.32473993
"339","H8x10","H","86","8","10",4,0.299747286,0.467729969,0.319203677,3,0.33902784,0.459481401,0.349824115
"386","H9x10","H","89","9","10",3,0.179475233,0.442774024,0.317162917,3,0.270413875,0.44982743,0.323916107
"433","H10x10","H","89","10","10",3,0.16455726,0.44185043,0.324816724,3,0.331237592,0.466436061,0.337930693
"480","H11x10","H","47","11","10",4,0.19171531,0.453634199,0.335982892,3,0.256379356,0.461224748,0.343667533
"11","H1x11","H","90","1","11",1,0.038594893,0.469318881,0.336971626,1,0.052682074,0.45499538,0.340643437
"58","H2x11","H","47","2","11",2,0.141978623,0.464264106,0.330624618,3,0.275294345,0.457373301,0.349960559
"105","H3x11","H","88","3","11",1,0.035674389,0.437685557,0.331984943,3,0.244269082,0.443455017,0.34747072
"152","H4x11","H","68","4","11",4,0.385144135,0.486569216,0.316393844,4,0.454241519,0.466382776,0.354537251
"199","H5x11","H","76","5","11",2,0.20926894,0.458732283,0.37092492,2,0.20833642,0.448229641,0.372095857
"246","H6x11","H","72","6","11",2,0.055549148,0.460238363,0.342875802,2,0.048266601,0.453300604,0.359365006
"293","H7x11","H","26","7","11",3,0.186835955,0.467629693,0.338202469,4,0.46880331,0.469989293,0.330160507
"340","H8x11","H","80","8","11",3,0.218368465,0.465886685,0.331316042,3,0.302671229,0.462796801,0.354544161
"387","H9x11","H","79","9","11",3,0.303739747,0.462468962,0.329562742,3,0.358852626,0.457374104,0.34152562
"434","H10x11","H","40","10","11",4,0.329753399,0.459726262,0.322741392,4,0.393931587,0.483343135,0.329480441
"481","H11x11","H","71","11","11",4,0.38968476,0.46339578,0.331477526,4,0.418480912,0.471607473,0.344399754
"12","H1x12","H","43","1","12",2,0.066014173,0.466200972,0.332760503,2,0.124629704,0.452528963,0.339145767
"59","H2x12","H","70","2","12",3,0.318602017,0.485376014,0.332046934,4,0.369862695,0.479848309,0.361245214
"106","H3x12","H","93","3","12",3,0.252479563,0.475819674,0.333371806,3,0.233934713,0.448180352,0.350180167
"153","H4x12","H","92","4","12",2,0.120006814,0.467337415,0.329012161,2,0.081483081,0.437334486,0.326374164
"200","H5x12","H","83","5","12",4,0.281861606,0.475685855,0.317744578,5,0.46381875,0.468310243,0.329763084
"247","H6x12","H","94","6","12",3,0.332229705,0.480008904,0.333519996,4,0.171428202,0.474906921,0.340182051
"294","H7x12","H","93","7","12",4,0.454359115,0.484896956,0.326412815,4,0.38600809,0.47189901,0.352921439
"341","H8x12","H",NA,"8","12",NA,NA,NA,NA,NA,NA,NA,NA
"388","H9x12","H","78","9","12",3,0.138945696,0.485985835,0.329673508,3,0.187611318,0.447172269,0.355935902
"435","H10x12","H","71","10","12",4,0.353197213,0.465217339,0.33376425,3,0.321738913,0.467482254,0.343907402
"482","H11x12","H","52","11","12",4,0.236486781,0.452406735,0.339399535,3,0.330423375,0.461711273,0.339707968
"13","H1x13","H","38","1","13",2,0.082041905,0.450547061,0.329131266,1,0.023166579,0.436383764,0.329924549
"60","H2x13","H","87","2","13",3,0.17867686,0.45821484,0.339278571,3,0.453653718,0.465914153,0.367251013
"107","H3x13","H","25","3","13",4,0.31738184,0.477535891,0.335374839,4,0.280549197,0.453044905,0.354722552
"154","H4x13","H","63","4","13",2,0.117625176,0.460540469,0.32701331,3,0.209676507,0.438630696,0.338574932
"201","H5x13","H","32","5","13",3,0.184262854,0.472932755,0.330204188,2,0.203329055,0.450819555,0.340011428
"248","H6x13","H","89","6","13",2,0.133156995,0.462415257,0.325219045,4,0.405716192,0.471755219,0.353795219
"295","H7x13","H",NA,"7","13",0,0.062483773,0.444083515,0.366399504,NA,NA,NA,NA
"342","H8x13","H","49","8","13",2,0.027121684,0.466898585,0.339167176,1,0.023097213,0.459515063,0.35339828
"389","H9x13","H","30","9","13",4,0.329414598,0.465561454,0.326915577,3,0.3242358,0.45991751,0.343383695
"436","H10x13","H","77","10","13",5,0.359309414,0.455744808,0.324334509,5,0.299958921,0.462976651,0.332525279
"483","H11x13","H","25","11","13",4,0.109494322,0.425775414,0.335597413,3,0.282631368,0.442548784,0.360244681
"14","H1x14","H","64","1","14",2,0.11255837,0.455429604,0.336420197,3,0.314336279,0.463215062,0.35113326
"61","H2x14","H","79","2","14",3,0.254878367,0.472262932,0.33182861,3,0.451651358,0.460353448,0.348243555
"108","H3x14","H","26","3","14",4,0.331574614,0.478686968,0.327355662,4,0.448907387,0.474396866,0.343070116
"155","H4x14","H","45","4","14",2,0.115792218,0.479083697,0.342269805,2,0.133675716,0.459039974,0.364211329
"202","H5x14","H","30","5","14",4,0.375047778,0.467981854,0.314757267,4,0.503040535,0.461136325,0.326373328
"249","H6x14","H","33","6","14",3,0.160649429,0.462931624,0.328298594,4,0.413732461,0.47685034,0.348295667
"296","H7x14","H","36","7","14",4,0.351251271,0.471410656,0.326257686,4,0.36858212,0.465882703,0.350122159
"343","H8x14","H","49","8","14",2,0.075915454,0.458656386,0.339776873,1,0.048951408,0.450251923,0.351902438
"390","H9x14","H","28","9","14",2,0.067005647,0.457779441,0.350752094,0,0.172456798,0.444679495,0.405651745
"437","H10x14","H","55","10","14",3,0.358407081,0.471152074,0.341116754,3,0.271894998,0.4660335,0.373844796
"484","H11x14","H","85","11","14",3,0.146565777,0.442268183,0.325408155,3,0.160708096,0.457912099,0.362274492
"15","H1x15","H","34","1","15",3,0.183794579,0.465219061,0.346376623,3,0.274600829,0.446548312,0.376134049
"62","H2x15","H","77","2","15",5,0.328916087,0.491649264,0.328674583,5,0.454623243,0.464196089,0.345391859
"109","H3x15","H","58","3","15",3,0.237840848,0.472495439,0.323425436,3,0.284096663,0.44880456,0.36322305
"156","H4x15","H","40","4","15",3,0.23558704,0.479927597,0.313134944,4,0.441757083,0.477167983,0.337382636
"203","H5x15","H","85","5","15",2,0.070687646,0.469655626,0.334149156,3,0.176704698,0.452409091,0.33531059
"250","H6x15","H","54","6","15",3,0.228146533,0.471104368,0.334651094,4,0.368377874,0.460283779,0.339567909
"297","H7x15","H","85","7","15",1,0.058318076,0.465784771,0.367209268,0,0.088021576,0.451797287,0.395697983
"344","H8x15","H","64","8","15",2,0.113213584,0.452592917,0.3359216,3,0.234269642,0.45316167,0.35430931
"391","H9x15","H","38","9","15",2,0.043930321,0.445306828,0.334671874,0,0.01886211,0.440550449,0.356080403
"438","H10x15","H","87","10","15",3,0.226074902,0.446876016,0.327311185,4,0.373304326,0.460994078,0.343979322
"485","H11x15","H","104","11","15",3,0.224069675,0.454503022,0.33061487,3,0.157955516,0.461941714,0.360672661
"16","H1x16","H","78","1","16",3,0.160058815,0.457496699,0.326560065,4,0.339245715,0.458158486,0.344118564
"63","H2x16","H","55","2","16",4,0.342347538,0.482590374,0.338149173,4,0.348098954,0.454848624,0.370903442
"110","H3x16","H","84","3","16",2,0.142830674,0.468713868,0.328969381,3,0.383160566,0.465817505,0.355052217
"157","H4x16","H","84","4","16",3,0.220925903,0.473851289,0.322077521,4,0.388331808,0.465154824,0.335843726
"204","H5x16","H","104","5","16",2,0.094052964,0.475074701,0.340567127,2,0.130593932,0.448857639,0.344112319
"251","H6x16","H","52","6","16",3,0.141197227,0.458254418,0.334954214,3,0.247389658,0.441348055,0.342198076
"298","H7x16","H","L3","7","16",2,0.016186914,0.435233266,0.331382662,1,0.043792459,0.432476639,0.335352232
"345","H8x16","H","70","8","16",3,0.210953531,0.4679706,0.324998758,3,0.296344353,0.466829623,0.338581165
"392","H9x16","H","75","9","16",2,0.176469893,0.45034356,0.334770404,2,0.120127965,0.456437705,0.343807817
"439","H10x16","H","79","10","16",3,0.327359766,0.456612534,0.333205114,3,0.383557022,0.468747376,0.339071246
"486","H11x16","H","73","11","16",4,0.350723702,0.46763131,0.325373558,3,0.233966805,0.465670611,0.365736544
"17","H1x17","H","49","1","17",2,0.087478733,0.450989571,0.324612183,2,0.161152392,0.450342403,0.338111314
"64","H2x17","H","59","2","17",2,0.081183179,0.448212687,0.327756359,2,0.140849283,0.434254079,0.344213254
"111","H3x17","H","83","3","17",5,0.32227445,0.493425558,0.327421104,5,0.449368517,0.467765502,0.345257008
"158","H4x17","H","35","4","17",2,0.0904815,0.461080777,0.323744691,2,0.181313003,0.446964183,0.334948078
"205","H5x17","H","38","5","17",1,0.006115581,0.450686012,0.318817423,0,0.104749336,0.417863242,0.347515915
"252","H6x17","H","63","6","17",3,0.175352902,0.461797135,0.328165516,3,0.304737037,0.450573376,0.34472168
"299","H7x17","H","46","7","17",2,0.201380613,0.462222448,0.329894703,3,0.256799895,0.452202414,0.34626287
"346","H8x17","H",NA,"8","17",NA,NA,NA,NA,NA,NA,NA,NA
"393","H9x17","H","61","9","17",3,0.222197576,0.446164905,0.321368382,3,0.324915895,0.457412882,0.357088197
"440","H10x17","H","68","10","17",4,0.336087118,0.45317991,0.316845021,4,0.385141449,0.46449395,0.335563251
"487","H11x17","H",NA,"11","17",NA,NA,NA,NA,NA,NA,NA,NA
"18","H1x18","H","77","1","18",4,0.183166151,0.473207532,0.344038506,5,0.373300285,0.459643867,0.353450153
"65","H2x18","H","84","2","18",3,0.220117422,0.473305922,0.329385098,3,0.332999372,0.464566761,0.35414719
"112","H3x18","H","81","3","18",4,0.175229487,0.479810846,0.325582444,3,0.242605331,0.460830354,0.352815484
"159","H4x18","H","86","4","18",3,0.21068877,0.464813287,0.314796435,4,0.435992106,0.462843488,0.335199562
"206","H5x18","H","69","5","18",3,0.181195145,0.468435664,0.320060653,4,0.50359301,0.474604083,0.33048765
"253","H6x18","H","66","6","18",3,0.193806891,0.470352817,0.327884709,3,0.263414638,0.458147851,0.326357692
"300","H7x18","H","48","7","18",2,0.073472982,0.446922745,0.337052655,1,0.065499662,0.453074541,0.354376767
"347","H8x18","H","38","8","18",2,0.022464401,0.44376596,0.32491113,1,0.036811541,0.429449663,0.346201405
"394","H9x18","H","93","9","18",4,0.256445201,0.456672965,0.321140596,3,0.271013026,0.456406294,0.350805612
"441","H10x18","H","75","10","18",2,0.055646053,0.432946937,0.32304021,3,0.165766543,0.45334741,0.360819717
"488","H11x18","H","83","11","18",4,0.422570456,0.465584044,0.310219359,5,0.471146461,0.481155218,0.346326709
"19","H1x19","H","93","1","19",4,0.276860229,0.475479884,0.335616968,4,0.327961927,0.469076061,0.352788605
"66","H2x19","H","49","2","19",2,0.105592784,0.461261848,0.322256129,2,0.079371012,0.435997252,0.34528694
"113","H3x19","H","67","3","19",3,0.219962889,0.478960998,0.338741111,4,0.369690369,0.464768804,0.370184032
"160","H4x19","H","49","4","19",2,0.110342387,0.471994161,0.335667236,1,0.06059554,0.45030077,0.341757546
"207","H5x19","H","32","5","19",3,0.102676224,0.46205558,0.337505069,3,0.25383903,0.453517387,0.356340173
"254","H6x19","H","82","6","19",3,0.160475938,0.464315676,0.327355906,4,0.347666557,0.455020292,0.32931268
"301","H7x19","H","25","7","19",3,0.109929158,0.442414331,0.32897783,3,0.159806791,0.43863777,0.345308283
"348","H8x19","H","102","8","19",2,0.054133568,0.458944759,0.337616215,2,0.147675294,0.450655434,0.356657938
"395","H9x19","H","70","9","19",3,0.228469562,0.475680688,0.322628541,4,0.170510253,0.493826816,0.341605487
"442","H10x19","H","72","10","19",2,0.084930475,0.441000525,0.331058172,2,0.066165789,0.44212241,0.347374097
"489","H11x19","H","85","11","19",2,0.071444951,0.436568389,0.329541009,3,0.097726572,0.456156647,0.347010423
"20","H1x20","H","88","1","20",3,0.148718963,0.449138027,0.325230089,3,0.412240868,0.45927419,0.34394358
"67","H2x20","H","92","2","20",2,0.080259003,0.452450646,0.326119281,2,0.076968887,0.436993132,0.348772632
"114","H3x20","H","28","3","20",3,0.324383235,0.480196821,0.325797684,4,0.446951363,0.473009926,0.340830576
"161","H4x20","H","61","4","20",3,0.296124604,0.478947742,0.323036521,3,0.295778989,0.453690784,0.343634228
"208","H5x20","H","36","5","20",4,0.278471464,0.486361291,0.338230286,4,0.420902717,0.455416769,0.355384111
"255","H6x20","H","49","6","20",2,0.119703528,0.458309512,0.327944681,2,0.147486077,0.448745588,0.356402723
"302","H7x20","H","26","7","20",3,0.348863981,0.469700837,0.326745008,4,0.508723027,0.476189957,0.348888012
"349","H8x20","H","47","8","20",4,0.3396367,0.479822876,0.32478538,4,0.339140308,0.464172871,0.350018899
"396","H9x20","H","60","9","20",1,0.032395698,0.444952623,0.337444694,0,0.022562063,0.418410153,0.385311376
"443","H10x20","H","94","10","20",3,0.21604447,0.450843062,0.328918059,3,0.405565331,0.477021951,0.337339997
"490","H11x20","H","28","11","20",4,0.333387402,0.464391911,0.328931877,4,0.459085833,0.479633013,0.356575027
"21","H1x21","H","71","1","21",4,0.375971367,0.486133129,0.329329105,3,0.449393441,0.471902906,0.348918956
"68","H2x21","H","72","2","21",2,0.147091481,0.465515291,0.328122631,2,0.096839171,0.444233975,0.354146809
"115","H3x21","H","101","3","21",1,0.089301124,0.477084823,0.347473651,2,0.200111139,0.460824641,0.368223437
"162","H4x21","H","68","4","21",4,0.362299202,0.486212517,0.315597515,3,0.448674881,0.465158912,0.3370075
"209","H5x21","H","38","5","21",2,0.064847809,0.457825137,0.326316058,1,0.022155991,0.436021827,0.335964354
"256","H6x21","H","68","6","21",3,0.140329283,0.466189603,0.317328803,3,0.306609223,0.460154057,0.355111824
"303","H7x21","H","49","7","21",1,0.02248377,0.443175449,0.33482103,2,0.112173989,0.442921696,0.360169551
"350","H8x21","H","59","8","21",2,0.047492426,0.456927122,0.332107155,2,0.191400648,0.451441375,0.364251925
"397","H9x21","H","92","9","21",2,0.184361729,0.43701447,0.322337424,1,0.034677311,0.442446091,0.353185071
"444","H10x21","H","49","10","21",2,0.06715126,0.443506103,0.321983251,1,0.030527649,0.446257755,0.345741583
"491","H11x21","H","23","11","21",3,0.270443716,0.446090338,0.321382665,3,0.433070861,0.465574477,0.32992883
"22","H1x22","H","60","1","22",3,0.159623849,0.479425972,0.333909347,4,0.401775422,0.477190737,0.346238847
"69","H2x22","H","94","2","22",3,0.158590921,0.461501432,0.328086386,4,0.354978284,0.46479474,0.361815485
"116","H3x22","H","93","3","22",4,0.374686875,0.482858047,0.327236549,3,0.323957487,0.460213018,0.348654449
"163","H4x22","H","33","4","22",4,0.256539788,0.481133159,0.321395294,4,0.455052711,0.477794797,0.335514746
"210","H5x22","H","30","5","22",3,0.294293226,0.46342067,0.318766307,4,0.361838654,0.453585042,0.356404716
"257","H6x22","H","76","6","22",2,0.122215194,0.470865315,0.332499499,2,0.183942261,0.463631676,0.349687382
"304","H7x22","H","73","7","22",4,0.311404156,0.479452004,0.32986425,3,0.341573769,0.470988767,0.359253108
"351","H8x22","H","89","8","22",3,0.205103091,0.473543785,0.335815429,3,0.392972609,0.476274107,0.362832817
"398","H9x22","H","88","9","22",2,0.153737561,0.436796989,0.320284356,4,0.360936927,0.461800737,0.35691478
"445","H10x22","H","92","10","22",1,0.058861571,0.4503818,0.327231471,2,0.043546649,0.449566668,0.351459743
"492","H11x22","H","47","11","22",3,0.259981423,0.452308027,0.328956578,3,0.343547968,0.460469108,0.344166701
"23","H1x23","H","62","1","23",3,0.096831935,0.458006146,0.329750204,2,0.229161931,0.453947529,0.345485108
"70","H2x23","H","82","2","23",3,0.260069871,0.469664733,0.314881899,4,0.414612674,0.45859461,0.345767682
"117","H3x23","H","38","3","23",2,0.050732954,0.446381848,0.323457914,1,0.04163386,0.428973745,0.339358475
"164","H4x23","H","87","4","23",4,0.308017426,0.473749706,0.327094,3,0.357076561,0.457385349,0.354920524
"211","H5x23","H","58","5","23",3,0.140490738,0.46170232,0.318001646,4,0.237050193,0.448681652,0.362337092
"258","H6x23","H","47","6","23",4,0.316764364,0.476178919,0.319535749,3,0.341215069,0.456664938,0.341141137
"305","H7x23","H","80","7","23",3,0.259314842,0.454438618,0.32439553,3,0.284874874,0.454214282,0.351498318
"352","H8x23","H","40","8","23",4,0.315010875,0.483625403,0.326379131,4,0.380308,0.477537011,0.348475508
"399","H9x23","H","67","9","23",0,0.057925798,0.448063294,0.358165444,0,0.099795411,0.445517723,0.402017577
"446","H10x23","H","85","10","23",2,0.13156639,0.441651192,0.326247383,3,0.191161563,0.452750942,0.35629207
"493","H11x23","H","32","11","23",2,0.181349711,0.457613927,0.323602095,3,0.171768526,0.447230714,0.344249193
"24","H1x24","H","48","1","24",2,0.05375373,0.468747305,0.338100888,1,0.124495214,0.454142457,0.35722057
"71","H2x24","H","75","2","24",3,0.207474234,0.476646453,0.339619996,3,0.384370724,0.4700677,0.37946852
"118","H3x24","H","39","3","24",3,0.230054386,0.473067446,0.340412665,3,0.327840192,0.467732,0.368027527
"165","H4x24","H","74","4","24",4,0.251047686,0.467176418,0.317786398,4,0.397930877,0.461092563,0.343547877
"212","H5x24","H","44","5","24",4,0.260789159,0.482630153,0.330433386,3,0.243931523,0.458169281,0.342592723
"259","H6x24","H","55","6","24",3,0.265022191,0.475484676,0.364818123,2,0.116164227,0.442736997,0.372832627
"306","H7x24","H","87","7","24",3,0.323257777,0.473373568,0.33133174,4,0.380121451,0.465527113,0.360826257
"353","H8x24","H","80","8","24",2,0.067057832,0.442500215,0.335469432,3,0.277820297,0.451713031,0.364197675
"400","H9x24","H","85","9","24",4,0.210338855,0.445141535,0.325755756,3,0.351682768,0.458459724,0.358177432
"447","H10x24","H","55","10","24",3,0.276022881,0.454434458,0.337391067,4,0.309872192,0.464384152,0.373723769
"494","H11x24","H","93","11","24",4,0.35865073,0.466691716,0.322662885,4,0.344591817,0.469729611,0.36506588
"25","H1x25","H","46","1","25",3,0.174867137,0.476773288,0.335712379,3,0.280582495,0.473284864,0.358264585
"72","H2x25","H","44","2","25",3,0.302571627,0.475546514,0.325746461,2,0.120550241,0.43486744,0.372579411
"119","H3x25","H","90","3","25",2,0.121017869,0.465319635,0.328093422,2,0.081308432,0.441329515,0.348176507
"166","H4x25","H","33","4","25",3,0.107428689,0.461908542,0.330625109,4,0.523207263,0.485705935,0.351162318
"213","H5x25","H","85","5","25",2,0.110640615,0.476421607,0.33593608,3,0.233549573,0.463134558,0.374157789
"260","H6x25","H","49","6","25",2,0.068346369,0.455207696,0.326838105,2,0.097600421,0.44910885,0.354581688
"307","H7x25","H","49","7","25",2,0.053410352,0.450957572,0.332609258,2,0.121578952,0.445201543,0.349905403
"354","H8x25","H","86","8","25",3,0.211812843,0.465362841,0.33048682,3,0.34496327,0.457698837,0.356243366
"401","H9x25","H","38","9","25",1,0.031806461,0.45066406,0.334975113,1,0.026608517,0.465141541,0.34019136
"448","H10x25","H","77","10","25",5,0.414842449,0.460809715,0.317520887,5,0.311591961,0.471118171,0.338422202
"495","H11x25","H","71","11","25",4,0.401984901,0.469229385,0.334790426,4,0.426462395,0.477923165,0.37101761
"26","H1x26","H","69","1","26",3,0.273037436,0.47810769,0.328392109,3,0.288693172,0.462280715,0.341266113
"73","H2x26","H","103","2","26",3,0.188217072,0.469008584,0.328193102,4,0.298828044,0.452496062,0.351786654
"120","H3x26","H","52","3","26",3,0.364756356,0.492288574,0.322729168,5,0.413472759,0.466923684,0.354415993
"167","H4x26","H","52","4","26",3,0.2860056,0.480841129,0.322690071,3,0.305511932,0.453190914,0.342864641
"214","H5x26","H","28","5","26",3,0.131569671,0.471776874,0.32663678,3,0.137550158,0.451045015,0.355978779
"261","H6x26","H","84","6","26",2,0.103566026,0.452329582,0.324869515,3,0.323370382,0.460611881,0.353645781
"308","H7x26","H","64","7","26",2,0.105240645,0.449475112,0.327763144,4,0.339728068,0.460640335,0.357235852
"355","H8x26","H","33","8","26",3,0.258422457,0.48491274,0.341169794,4,0.39681177,0.478126935,0.362157898
"402","H9x26","H","49","9","26",2,0.025264409,0.443407156,0.335568822,2,0.077818256,0.451279319,0.354437871
"449","H10x26","H","64","10","26",3,0.19013372,0.445063747,0.327013468,3,0.364709773,0.467500325,0.364426758
"496","H11x26","H","36","11","26",4,0.267183254,0.453028398,0.327409946,4,0.403803245,0.479635237,0.36608528
"27","H1x27","H","34","1","27",4,0.271631157,0.476179041,0.337794189,4,0.389348297,0.462141806,0.359475865
"74","H2x27","H","47","2","27",4,0.29410471,0.480827795,0.320466154,4,0.356629623,0.458592744,0.355078093
"121","H3x27","H","25","3","27",1,0.016615514,0.452722166,0.348451002,NA,NA,NA,NA
"168","H4x27","H","35","4","27",2,0.196978769,0.469747783,0.325599282,3,0.241543738,0.45281225,0.349601971
"215","H5x27","H","32","5","27",3,0.159973762,0.470082647,0.338392646,3,0.271824373,0.459653209,0.353992577
"262","H6x27","H","82","6","27",3,0.168437339,0.467370449,0.32169226,3,0.374203788,0.462577626,0.352499647
"309","H7x27","H","62","7","27",3,0.287005219,0.475325125,0.332497033,3,0.301740588,0.457342064,0.36638407
"356","H8x27","H","63","8","27",3,0.173144717,0.459927511,0.326428948,3,0.303082534,0.45540728,0.351274406
"403","H9x27","H","58","9","27",4,0.174606713,0.450091572,0.32668938,5,0.431147994,0.475217014,0.365563824
"450","H10x27","H","46","10","27",2,0.237601771,0.463504551,0.32983987,3,0.2343723,0.465469496,0.362933043
"497","H11x27","H","63","11","27",2,0.207038631,0.460614424,0.326868361,3,0.138374467,0.47793119,0.352334479
"28","H1x28","H","83","1","28",4,0.264276877,0.461610174,0.324744855,5,0.401828043,0.458272752,0.33085909
"75","H2x28","H","66","2","28",3,0.223478419,0.473946287,0.324319801,3,0.320111088,0.457027303,0.350363159
"122","H3x28","H","36","3","28",4,0.331389422,0.486633497,0.320321209,5,0.432910572,0.471213745,0.343609437
"169","H4x28","H",NA,"4","28",NA,NA,NA,NA,NA,NA,NA,NA
"216","H5x28","H","27","5","28",2,0.066130508,0.456862267,0.325135231,3,0.190012602,0.451546676,0.361922186
"263","H6x28","H","69","6","28",3,0.272077849,0.484197169,0.329155829,3,0.34066564,0.474962095,0.353668434
"310","H7x28","H","52","7","28",3,0.223619094,0.467249317,0.334011126,3,0.205727374,0.451772215,0.346225452
"357","H8x28","H","52","8","28",3,0.20618247,0.472461565,0.342948123,3,0.31489178,0.460233448,0.369929126
"404","H9x28","H","69","9","28",3,0.100095197,0.461312785,0.324485198,0,0.008151314,0.440524659,0.352297164
"451","H10x28","H","71","10","28",3,0.2465507,0.480589221,0.333884966,4,0.351109253,0.480117192,0.387458549
"498","H11x28","H","88","11","28",1,0.053458135,0.452887829,0.335054248,0,0.033828263,0.449431888,0.375912559
"29","H1x29","H","67","1","29",3,0.134630072,0.464258372,0.329978929,4,0.275381105,0.455937539,0.340079833
"76","H2x29","H","80","2","29",3,0.276811992,0.480767721,0.329851042,3,0.315341544,0.452186183,0.363451938
"123","H3x29","H","80","3","29",3,0.270869949,0.475555164,0.330507376,3,0.209525736,0.442127015,0.357977424
"170","H4x29","H","40","4","29",3,0.314808,0.489778188,0.317655797,4,0.475256932,0.479584802,0.346260459
"217","H5x29","H","74","5","29",3,0.32005436,0.482308317,0.323885834,4,0.393526009,0.473135937,0.349426182
"264","H6x29","H","103","6","29",2,0.091702945,0.461397575,0.340700504,2,0.106809609,0.44977308,0.350581868
"311","H7x29","H","38","7","29",2,0.051944991,0.447456616,0.332810547,1,0.034659645,0.447629353,0.348477758
"358","H8x29","H",NA,"8","29",3,0.100180631,0.451693745,0.317597617,4,0.283757699,0.457012757,0.35489531
"405","H9x29","H","90","9","29",3,0.166547366,0.450754299,0.324819546,3,0.115037268,0.445419893,0.347488539
"452","H10x29","H",NA,"10","29",2,0.092154381,0.45212275,0.336105841,NA,NA,NA,NA
"499","H11x29","H",NA,"11","29",NA,NA,NA,NA,NA,NA,NA,NA
"30","H1x30","H","64","1","30",2,0.094748089,0.466041644,0.33671992,3,0.374730459,0.470609717,0.361098044
"77","H2x30","H","61","2","30",3,0.186852288,0.476374016,0.329409278,3,0.346857404,0.464818638,0.36677487
"124","H3x30","H","78","3","30",3,0.217315656,0.464441911,0.323396466,3,0.312250282,0.44774983,0.353306651
"171","H4x30","H","92","4","30",2,0.134786979,0.467968878,0.328765967,2,0.161205353,0.44643059,0.342003796
"218","H5x30","H","85","5","30",2,0.143420804,0.46776859,0.33390768,3,0.201641346,0.454309683,0.357590634
"265","H6x30","H","89","6","30",3,0.182530745,0.466807309,0.324100235,2,0.115862272,0.438378089,0.323463263
"312","H7x30","H","46","7","30",3,0.264906278,0.462439157,0.323748114,3,0.236055096,0.456507136,0.3412941
"359","H8x30","H","62","8","30",3,0.37722972,0.475264882,0.329583286,4,0.418333249,0.467368919,0.354186147
"406","H9x30","H",NA,"9","30",NA,NA,NA,NA,NA,NA,NA,NA
"453","H10x30","H","85","10","30",2,0.105674184,0.443775839,0.326023273,2,0.158700149,0.45525848,0.356858609
"500","H11x30","H","81","11","30",3,0.235315819,0.448533572,0.327884158,3,0.32036232,0.464960706,0.357096605
"31","H1x31","H","52","1","31",3,0.243490899,0.472475735,0.327226138,4,0.358605214,0.462564812,0.345547729
"78","H2x31","H","72","2","31",2,0.115022757,0.469144889,0.333046662,2,0.157886895,0.448498974,0.350236227
"125","H3x31","H",NA,"3","31",NA,NA,NA,NA,NA,NA,NA,NA
"172","H4x31","H","59","4","31",2,0.109326647,0.460283562,0.318885988,2,0.176290642,0.439131223,0.338300061
"219","H5x31","H","38","5","31",2,0.056747659,0.449913834,0.324424212,1,0.024766272,0.43327488,0.342152057
"266","H6x31","H","58","6","31",2,0.068232952,0.453167779,0.330530768,4,0.522075558,0.478093474,0.323940264
"313","H7x31","H","71","7","31",3,0.339171327,0.474102701,0.324801544,4,0.382605613,0.471614211,0.355849085
"360","H8x31","H","49","8","31",3,0.085427815,0.454931743,0.334572106,3,0.15009895,0.453823736,0.34776143
"407","H9x31","H","60","9","31",3,0.214200975,0.467892072,0.343084936,4,0.339708843,0.472168861,0.374177081
"454","H10x31","H","23","10","31",3,0.289264018,0.454802822,0.327140244,3,0.349968482,0.462854425,0.358499792
"501","H11x31","H","70","11","31",3,0.211583508,0.47438394,0.33957871,4,0.389367684,0.479722944,0.379628926
"32","H1x32","H","44","1","32",4,0.358886381,0.497297528,0.336550593,3,0.316147262,0.469340435,0.35858517
"79","H2x32","H","84","2","32",2,0.08054826,0.45737423,0.310471788,3,0.333542135,0.467301133,0.359184418
"126","H3x32","H","81","3","32",3,0.185348322,0.482490294,0.330569378,3,0.30765549,0.463405032,0.355425489
"173","H4x32","H","79","4","32",3,0.421001168,0.49092863,0.319292042,3,0.496551877,0.477854676,0.356486514
"220","H5x32","H","73","5","32",3,0.292485789,0.477133622,0.332478709,3,0.240072026,0.448876524,0.340121021
"267","H6x32","H","94","6","32",3,0.185515635,0.458602852,0.324852275,4,0.405147413,0.474371887,0.345421679
"314","H7x32","H",NA,"7","32",NA,NA,NA,NA,NA,NA,NA,NA
"361","H8x32","H","86","8","32",3,0.26567233,0.473768416,0.329728546,4,0.407111334,0.471167843,0.351451062
"408","H9x32","H","79","9","32",3,0.340835649,0.467844383,0.325394588,3,0.390089126,0.470360215,0.362810078
"455","H10x32","H","55","10","32",3,0.28935564,0.458379538,0.337848655,3,0.310357575,0.45932766,0.37289273
"502","H11x32","H","70","11","32",3,0.153160757,0.467457214,0.338053173,3,0.398712929,0.470061348,0.357954893
"33","H1x33","H","85","1","33",3,0.133186708,0.473318705,0.339565825,3,0.258985488,0.461155625,0.353921565
"80","H2x33","H","87","2","33",3,0.32973925,0.47717465,0.326051841,3,0.343089682,0.455219768,0.35670354
"127","H3x33","H","23","3","33",4,0.369203624,0.481483776,0.319161912,3,0.406695444,0.459413948,0.347102678
"174","H4x33","H","63","4","33",3,0.142540142,0.461185823,0.325500498,3,0.266171783,0.447284192,0.358047701
"221","H5x33","H","32","5","33",2,0.111035424,0.461565613,0.344563835,3,0.271371476,0.455601169,0.358736394
"268","H6x33","H","49","6","33",2,0.049045377,0.446010469,0.32732815,2,0.092834061,0.446619053,0.352473331
"315","H7x33","H","25","7","33",3,0.220172408,0.466406606,0.328696366,4,0.288514398,0.452073015,0.350569185
"362","H8x33","H","80","8","33",4,0.272959884,0.472478857,0.32953146,3,0.34689101,0.461155525,0.358717383
"409","H9x33","H","34","9","33",3,0.319944643,0.464934424,0.332352165,3,0.350293848,0.46378271,0.370022408
"456","H10x33","H","72","10","33",2,0.11286744,0.486794907,0.328256573,2,0.106060048,0.46049351,0.365408688
"503","H11x33","H","69","11","33",4,0.350376064,0.470875376,0.329212663,3,0.369622716,0.471811551,0.352367817
"34","H1x34","H","30","1","34",3,0.315406023,0.476384668,0.324732382,4,0.471775343,0.469306735,0.34452864
"81","H2x34","H","55","2","34",3,0.269379932,0.480748295,0.331594751,3,0.386144663,0.465017014,0.360264314
"128","H3x34","H","25","3","34",3,0.172158239,0.453000746,0.322232381,0,0.015932118,0.428291867,0.34647019
"175","H4x34","H","33","4","34",4,0.266224295,0.49158106,0.32828514,NA,NA,NA,NA
"222","H5x34","H","28","5","34",4,0.399070186,0.490731722,0.320639531,5,0.478750092,0.476745369,0.350192375
"269","H6x34","H","74","6","34",2,0.074813712,0.463840609,0.327233118,3,0.282303541,0.462114881,0.355097561
"316","H7x34","H","36","7","34",3,0.262770153,0.472303457,0.321435516,4,0.347753888,0.474761215,0.347597449
"363","H8x34","H","67","8","34",4,0.340655038,0.487487239,0.331773828,4,0.464671578,0.481879423,0.340240464
"410","H9x34","H","69","9","34",4,0.371043027,0.462281988,0.315447749,3,0.339010174,0.473137806,0.350072628
"457","H10x34","H","84","10","34",2,0.149664346,0.456572669,0.325523496,3,0.241611124,0.466691154,0.368615024
"504","H11x34","H","69","11","34",4,0.309704464,0.45880252,0.337376047,4,0.385535537,0.484203762,0.36528014
"35","H1x35","H","90","1","35",2,0.091756494,0.474160451,0.33908011,2,0.087123718,0.453326652,0.346605789
"82","H2x35","H","47","2","35",3,0.1755823,0.485965508,0.328528052,3,0.332251241,0.46598044,0.358288606
"129","H3x35","H","101","3","35",2,0.179879505,0.476470887,0.327763668,2,0.250594383,0.45969051,0.356366867
"176","H4x35","H","79","4","35",3,0.326553712,0.492420877,0.327771683,4,0.475369765,0.482051749,0.366393308
"223","H5x35","H","34","5","35",1,0.074302252,0.463811448,0.376617915,0,0.067614356,0.43153142,0.406785946
"270","H6x35","H","46","6","35",3,0.122015868,0.472041125,0.331316696,3,0.144331542,0.453655548,0.349828935
"317","H7x35","H",NA,"7","35",NA,NA,NA,NA,NA,NA,NA,NA
"364","H8x35","H","74","8","35",3,0.292042874,0.477678706,0.331582097,3,0.324597443,0.467291786,0.355579008
"411","H9x35","H","52","9","35",3,0.285929461,0.453888225,0.329115095,3,0.312026817,0.459987206,0.370014291
"458","H10x35","H","28","10","35",4,0.232952298,0.456755642,0.328908823,4,0.447350576,0.478372897,0.356758365
"505","H11x35","H","76","11","35",4,0.369361271,0.487118968,0.339424354,3,0.236128776,0.463892398,0.379160333
"36","H1x36","H","93","1","36",4,0.30659866,0.481913982,0.32794172,4,0.379458955,0.471536809,0.350842202
"83","H2x36","H","86","2","36",4,0.222072473,0.480509101,0.325757958,4,0.410846871,0.471959476,0.357193404
"130","H3x36","H","102","3","36",3,0.374847155,0.484699187,0.318352261,5,0.456235318,0.460796647,0.345062741
"177","H4x36","H","75","4","36",2,0.025905316,0.443952462,0.335865737,4,0.28994609,0.45324152,0.379528485
"224","H5x36","H","69","5","36",3,0.254260649,0.484705084,0.328707901,4,0.400072922,0.476665131,0.364365179
"271","H6x36","H","94","6","36",3,0.166004847,0.465738617,0.326038224,3,0.169778595,0.480918156,0.341326422
"318","H7x36","H","64","7","36",2,0.159063708,0.455976408,0.330847891,4,0.326292837,0.46919957,0.358770176
"365","H8x36","H","54","8","36",1,0.038268623,0.463963047,0.360017318,2,0.133513241,0.446899562,0.390104964
"412","H9x36","H","92","9","36",3,0.096413233,0.45148692,0.338195627,2,0.129619119,0.456127062,0.36541019
"459","H10x36","H","79","10","36",3,0.406894742,0.463349151,0.323175231,4,0.471087393,0.487407662,0.369948773
"506","H11x36","H","48","11","36",2,0.136598486,0.452049783,0.343717597,3,0.238005257,0.459437778,0.357419933
"37","H1x37","H","86","1","37",3,0.216625661,0.471672678,0.328225858,4,0.413716451,0.466206716,0.347619804
"84","H2x37","H","103","2","37",3,0.14779361,0.478652507,0.330430234,3,0.281007518,0.46207031,0.360001291
"131","H3x37","H","79","3","37",3,0.383087131,0.488579164,0.323361912,4,0.405657175,0.470171321,0.35168155
"178","H4x37","H","82","4","37",3,0.245746497,0.479287281,0.314080319,4,0.356368768,0.463069849,0.332459051
"225","H5x37","H","79","5","37",3,0.379563077,0.488995026,0.331618089,4,0.439850543,0.479749796,0.367392066
"272","H6x37","H","35","6","37",2,0.076997979,0.46517545,0.335140613,2,0.140919855,0.450234989,0.346631824
"319","H7x37","H","62","7","37",3,0.171751686,0.458281446,0.328541707,4,0.360350622,0.467066038,0.3560322
"366","H8x37","H","40","8","37",3,0.331612192,0.484830872,0.319675318,4,0.44149367,0.486496693,0.342173339
"413","H9x37","H",NA,"9","37",NA,NA,NA,NA,NA,NA,NA,NA
"460","H10x37","H","63","10","37",3,0.142803053,0.433720693,0.322858085,3,0.229790543,0.447356687,0.363881199
"507","H11x37","H","23","11","37",4,0.390610629,0.46797165,0.333295777,4,0.485643181,0.476015639,0.344697004
"38","H1x38","H","60","1","38",4,0.320642351,0.479898455,0.324992927,4,0.497299671,0.478399811,0.337381075
"85","H2x38","H","74","2","38",4,0.20169741,0.475114257,0.323193678,3,0.28734759,0.468139649,0.362159035
"132","H3x38","H","52","3","38",2,0.27606484,0.473516583,0.317482227,3,0.299414485,0.45244364,0.345674941
"179","H4x38","H","89","4","38",3,0.156872657,0.457660392,0.313857486,4,0.357550625,0.462433782,0.345070686
"226","H5x38","H","78","5","38",3,0.231605412,0.468985858,0.328871179,3,0.326659462,0.457731621,0.359935068
"273","H6x38","H","52","6","38",3,0.177236563,0.470584,0.337754041,4,0.324844391,0.468695854,0.36506092
"320","H7x38","H","83","7","38",4,0.308458669,0.472052242,0.325277534,5,0.435573575,0.47249765,0.350541224
"367","H8x38","H","66","8","38",3,0.260976367,0.477639797,0.327451957,3,0.312334335,0.463360428,0.360673085
"414","H9x38","H","81","9","38",3,0.180044541,0.44682062,0.329251324,4,0.35206135,0.474689438,0.364537017
"461","H10x38","H","78","10","38",4,0.328841559,0.460617475,0.326122876,3,0.345063211,0.463474636,0.360550337
"508","H11x38","H","52","11","38",3,0.15012201,0.466138555,0.340623454,3,0.435192758,0.458494198,0.359200417
"39","H1x39","H","38","1","39",2,0.091558251,0.457495064,0.329997042,1,0.034952191,0.443298068,0.338124969
"86","H2x39","H","68","2","39",4,0.30733268,0.492437003,0.321634114,3,0.385672902,0.471674462,0.351921248
"133","H3x39","H","25","3","39",3,0.249000104,0.462387448,0.321651319,3,0.193734557,0.435682095,0.359071006
"180","H4x39","H","49","4","39",2,0.080005563,0.45996947,0.320211754,3,0.228359832,0.449228769,0.331833549
"227","H5x39","H","23","5","39",1,0.07163546,0.450340906,0.371264112,2,0.087809948,0.453983643,0.362570726
"274","H6x39","H","32","6","39",2,0.100408134,0.471131864,0.338520147,3,0.182318731,0.461199623,0.364976874
"321","H7x39","H","32","7","39",2,0.09070509,0.450910971,0.321745325,3,0.164278426,0.44679623,0.349065377
"368","H8x39","H","61","8","39",3,0.207310788,0.470851883,0.327400926,3,0.299576618,0.460543138,0.368717765
"415","H9x39","H","64","9","39",3,0.165868281,0.452860192,0.331415125,3,0.317242358,0.464774041,0.367848549
"462","H10x39","H","61","10","39",3,0.272952082,0.458062871,0.325540747,3,0.334147068,0.464367315,0.365011923
"509","H11x39","H","unique_genotype_19","11","39",2,0.289199318,0.474103108,0.343675637,2,0.250359006,0.450146058,0.370629566
"40","H1x40","H",NA,"1","40",NA,NA,NA,NA,NA,NA,NA,NA
"87","H2x40","H","94","2","40",3,0.302361177,0.487171026,0.317621467,4,0.364674713,0.480379201,0.351896913
"134","H3x40","H","88","3","40",3,0.27631288,0.468218796,0.314237369,4,0.400513409,0.463090245,0.341772074
"181","H4x40","H","48","4","40",2,0.115626266,0.467497479,0.337731406,3,0.179254788,0.451359133,0.354697983
"228","H5x40","H","26","5","40",3,0.290396428,0.481230151,0.322359902,4,0.396753553,0.465860665,0.349343436
"275","H6x40","H","33","6","40",4,0.358963645,0.488464475,0.323893848,4,0.412404832,0.474966708,0.348796527
"322","H7x40","H","43","7","40",3,0.146976289,0.461191073,0.322607982,3,0.153891576,0.448680251,0.33836111
"369","H8x40","H","49","8","40",2,0.100668857,0.455453329,0.327312484,2,0.17141285,0.454642458,0.359196452
"416","H9x40","H","73","9","40",3,0.339755871,0.473403014,0.336961234,4,0.386359062,0.474432616,0.382616143
"463","H10x40","H","unique_genotype_20","10","40",5,0.029365767,0.443787211,0.332389742,1,0.009018046,0.446525126,0.348269415
"510","H11x40","H","64","11","40",3,0.199349179,0.444562171,0.322116098,4,0.419320811,0.4650296,0.340843305
"41","H1x41","H","80","1","41",4,0.271650682,0.474315531,0.328413059,3,0.388688741,0.464403789,0.352412587
"88","H2x41","H","49","2","41",3,0.185096146,0.460350952,0.323213444,3,0.287351998,0.447541749,0.346412532
"135","H3x41","H","49","3","41",2,0.128144468,0.461536319,0.319109751,2,0.198538177,0.450564618,0.344460944
"182","H4x41","H",NA,"4","41",NA,NA,NA,NA,NA,NA,NA,NA
"229","H5x41","H","85","5","41",2,0.08047903,0.460032354,0.33118116,2,0.118342504,0.451661514,0.348634359
"276","H6x41","H","72","6","41",2,0.044315693,0.460656644,0.331449831,2,0.080405054,0.4495094,0.351919489
"323","H7x41","H","90","7","41",3,0.034833269,0.452762588,0.325325243,2,0.101576259,0.453085327,0.339554585
"370","H8x41","H","74","8","41",3,0.225089959,0.470928177,0.3245359,3,0.283623334,0.464917859,0.345555806
"417","H9x41","H","80","9","41",3,0.173915222,0.461965843,0.334746934,3,0.380824767,0.474595038,0.356718066
"464","H10x41","H","49","10","41",2,0.049736995,0.450599994,0.31544822,2,0.157700423,0.453488902,0.355462523
"511","H11x41","H","58","11","41",3,0.138625494,0.454426793,0.336795153,0,0.059632455,0.443882758,0.360463597
"42","H1x42","H","73","1","42",4,0.391787265,0.494104427,0.330037001,3,0.397914227,0.478327755,0.356203363
"89","H2x42","H","92","2","42",2,0.092146974,0.455163056,0.322468401,2,0.180512399,0.448320789,0.339551484
"136","H3x42","H",NA,"3","42",3,0.307418088,0.485851623,0.32071675,4,0.436599128,0.471275471,0.343179748
"183","H4x42","H","68","4","42",4,0.381740289,0.490288074,0.31594065,3,0.435621186,0.467107551,0.339842752
"230","H5x42","H","38","5","42",2,0.054978866,0.461724316,0.329410569,2,0.035487357,0.44753088,0.345193285
"277","H6x42","H","52","6","42",3,0.342091013,0.488255348,0.333151282,4,0.338559215,0.464204903,0.362631039
"324","H7x42","H","60","7","42",4,0.310561186,0.481444865,0.326557103,5,0.404606941,0.46936487,0.34365107
"371","H8x42","H","64","8","42",2,0.17068597,0.450825356,0.327845314,3,0.327815328,0.460185693,0.351583682
"418","H9x42","H","48","9","42",2,0.064045951,0.449544948,0.333906193,3,0.299413289,0.454366063,0.343926757
"465","H10x42","H","74","10","42",3,0.305500625,0.457948071,0.321439685,3,0.263338764,0.461551974,0.371381221
"512","H11x42","H","43","11","42",3,0.137050663,0.446100822,0.331685407,2,0.138119943,0.452418144,0.362669333
"43","H1x43","H","62","1","43",3,0.21019985,0.466717864,0.327490911,3,0.483099013,0.474778619,0.348867771
"90","H2x43","H","40","2","43",4,0.288305484,0.483506909,0.317819856,4,0.458769625,0.484447148,0.32921242
"137","H3x43","H","67","3","43",4,0.367903425,0.485322365,0.316324145,4,0.420532745,0.472633267,0.344167967
"184","H4x43","H","88","4","43",3,0.313775473,0.476614023,0.322796113,3,0.328951356,0.465311852,0.35548134
"231","H5x43","H",NA,"5","43",NA,NA,NA,NA,NA,NA,NA,NA
"278","H6x43","H","43","6","43",3,0.095611998,0.4683931,0.340460624,3,0.236536916,0.466959516,0.341883051
"325","H7x43","H","46","7","43",3,0.220657905,0.471985102,0.322022194,3,0.283038508,0.466249519,0.354790027
"372","H8x43","H","87","8","43",3,0.276281056,0.466313116,0.325936746,3,0.386101484,0.468547513,0.349722464
"419","H9x43","H","35","9","43",2,0.160114786,0.460097837,0.325750093,3,0.274638569,0.45115919,0.327972325
"466","H10x43","H","102","10","43",3,0.085778634,0.436345922,0.330781936,3,0.265040592,0.458873046,0.359746179
"513","H11x43","H","68","11","43",4,0.383164744,0.456773638,0.337192762,4,0.445500502,0.479519592,0.376176411
"44","H1x44","H","90","1","44",1,0.028197453,0.46315145,0.33521148,2,0.106465204,0.459090406,0.354854192
"91","H2x44","H","66","2","44",4,0.322280005,0.494742179,0.329287733,4,0.425523794,0.485365713,0.351831745
"138","H3x44","H","44","3","44",3,0.224660955,0.475600485,0.32348243,2,0.075395158,0.446198868,0.358279616
"185","H4x44","H","61","4","44",3,0.210366553,0.484343819,0.32358538,3,0.339906561,0.462010008,0.354496587
"232","H5x44","H","64","5","44",2,0.127458303,0.460638976,0.334831495,3,0.197493027,0.455156934,0.350168467
"279","H6x44","H","84","6","44",2,0.128895592,0.473560498,0.325872189,3,0.171299748,0.451045616,0.348547005
"326","H7x44","H","93","7","44",3,0.299210722,0.474851597,0.319523208,3,0.257289315,0.461569874,0.351624661
"373","H8x44","H","75","8","44",3,0.434682924,0.495924162,0.333565621,3,0.312761753,0.465316194,0.365841526
"420","H9x44","H",NA,"9","44",NA,NA,NA,NA,NA,NA,NA,NA
"467","H10x44","H","89","10","44",3,0.254718307,0.451249465,0.314687506,3,0.341242346,0.474899084,0.353339487
"514","H11x44","H","81","11","44",4,0.240142369,0.454092733,0.320918355,3,0.304749026,0.461549798,0.36346528
"45","H1x45","H","32","1","45",3,0.212662988,0.474849246,0.326255448,2,0.147594836,0.451593096,0.343002084
"92","H2x45","H","80","2","45",4,0.257424229,0.475295322,0.32394339,3,0.31412568,0.451744438,0.345141983
"139","H3x45","H",NA,"3","45",NA,NA,NA,NA,NA,NA,NA,NA
"186","H4x45","H","82","4","45",2,0.194747448,0.469912933,0.324646918,4,0.250671605,0.47957291,0.341273913
"233","H5x45","H","34","5","45",3,0.326871407,0.481564256,0.33239845,3,0.149041205,0.448818046,0.375392321
"280","H6x45","H","35","6","45",2,0.079216185,0.467586375,0.317563876,3,0.228920611,0.464145055,0.347838214
"327","H7x45","H","77","7","45",5,0.326865719,0.482290805,0.325672616,5,0.361333464,0.473783311,0.349707435
"374","H8x45","H","54","8","45",3,0.31465648,0.478648291,0.328392555,4,0.398055246,0.474130962,0.359908632
"421","H9x45","H","64","9","45",3,0.137012054,0.459684642,0.328224506,4,0.413001053,0.467159544,0.337992299
"468","H10x45","H","71","10","45",0,0.051157106,0.453942555,0.345146796,NA,NA,NA,NA
"515","H11x45","H","32","11","45",2,0.073236304,0.470224665,0.34319031,3,0.149596527,0.483175011,0.359067703
"46","H1x46","H","83","1","46",4,0.342553863,0.482587923,0.31780676,5,0.55969196,0.483031666,0.332992916
"93","H2x46","H","43","2","46",2,0.073855937,0.468581689,0.327811739,2,0.177797566,0.453363699,0.347560815
"140","H3x46","H","69","3","46",3,0.262529757,0.463905671,0.323910168,3,0.154368856,0.45541066,0.348686873
"187","H4x46","H","52","4","46",3,0.162665596,0.468211134,0.316959718,3,0.310419492,0.456001452,0.340966464
"234","H5x46","H","39","5","46",4,0.360122216,0.474090316,0.308583286,4,0.379679693,0.4662115,0.342675326
"281","H6x46","H","73","6","46",4,0.443534824,0.502189901,0.328810323,4,0.391401656,0.483524659,0.360410816
"328","H7x46","H","79","7","46",3,0.37441749,0.467120914,0.314209499,4,0.433192006,0.482807371,0.351540076
"375","H8x46","H","unique_genotype_17","8","46",4,0.439306818,0.480047691,0.310615715,2,0.119344695,0.450449248,0.34656449
"422","H9x46","H","54","9","46",3,0.38589926,0.484696735,0.333900022,4,0.546737307,0.493997431,0.34897274
"469","H10x46","H",NA,"10","46",NA,NA,NA,NA,NA,NA,NA,NA
"516","H11x46","H","33","11","46",4,0.381474827,0.46693257,0.320698722,4,0.389349308,0.471863307,0.357992766
"47","H1x47","H","90","1","47",2,0.058309491,0.453131555,0.314070599,2,0.118746065,0.445978082,0.359573665
"94","H2x47","H","102","2","47",3,0.263330134,0.46915412,0.317518983,3,0.450508599,0.468222036,0.344718188
"141","H3x47","H","71","3","47",4,0.361225172,0.488445628,0.323512408,4,0.404643687,0.468825198,0.341632108
"188","H4x47","H","62","4","47",3,0.145500908,0.470182646,0.326131898,3,0.40700766,0.46832611,0.360437224
"235","H5x47","H","85","5","47",2,0.133534559,0.472812284,0.335434722,3,0.257438124,0.461280273,0.360489509
"282","H6x47","H","59","6","47",2,0.107908823,0.45246408,0.32540553,3,0.171192346,0.440794518,0.338129376
"329","H7x47","H","80","7","47",3,0.284620727,0.470321075,0.32402583,3,0.296060055,0.455867565,0.353198881
"376","H8x47","H","40","8","47",3,0.166765026,0.468182109,0.334868034,2,0.142394234,0.458208908,0.36665735
"423","H9x47","H","49","9","47",3,0.135147401,0.446514669,0.326285862,3,0.244026746,0.451312585,0.331351134
"470","H10x47","H","47","10","47",4,0.332261462,0.451079521,0.316061252,3,0.367339132,0.473228499,0.364998507
"517","H11x47","H","unique_genotype_18","11","47",2,0.197509566,0.46622206,0.33481211,3,0.328133891,0.479229892,0.368930886
